CAG->TCT,4010
AGG->TTT,3518
CTG->CGC,276
CGA->GAG,218
TGC->ATG,3201
CGA->TCA,172
TCA->CCG,141
CAC->TGA,12425
ATA->GCT,2856
GTC->GCG,60
TTC->AAC,2674
CAT->ACA,1135
TAG->CCA,457
AGA->GCA,6111
GAA->GCA,4585
CAG->AAG,6104
AGC->TGA,8218
AGC->TTC,3081
TGC->GTG,676
GCG->ATA,8996
TAG->CCG,17
AAA->TGG,1612
ACA->CAG,1604
AAA->GAC,2804
AGA->GCT,4156
GTA->TGG,495
ATG->TAC,2290
GGA->CAA,1846
GGC->AAA,3812
ACG->AAG,7094
TGG->AAG,3854
TGC->TCC,5142
CGG->CGA,81
CGC->TTC,621
CGA->TAC,103
ACG->CTG,311
GTA->TAG,579
GAT->AGC,827
ACT->GAT,911
AGA->CGA,1157
ATT->CCG,187
GTG->CCC,237
CGC->TAA,337
GAG->CGT,415
ATT->CTG,4550
CGG->AAT,474
TAA->CTC,555
GTT->AGA,978
AAA->TTA,2096
TGT->ACT,1697
AGG->TTG,3111
CTA->CGA,257
ATN->CTC,1
TAG->AAC,1422
AGG->CAT,433
TTA->CCA,1165
CAA->CGT,1091
CGA->TTA,70
GTG->TAC,1816
ATC->GTC,494
AGA->CCC,1697
TTA->CAA,1396
AGA->CGG,897
CGG->AGG,416
CGA->CCG,75
AGG->AAA,7820
CCC->GAC,328
GCA->CGT,817
TAA->TAC,1114
CAC->TTG,11616
CAC->TGG,15426
TGC->GAT,469
CGC->ATG,296
ATC->GAA,687
CTA->CCT,1296
CTC->TTC,4138
CGG->TGG,345
GAG->AGC,4553
CTA->GAG,4233
ATA->TTT,1459
GCG->CTC,325
AGT->CCG,232
TTC->TTT,5009
ATG->TTC,2324
TCA->TAC,944
CTT->CTA,2422
AAA->CAG,1460
CCG->TTC,1177
AAG->CTG,881
GTT->GAC,329
CCT->CAG,4284
CGG->TTG,438
GCC->TGG,6661
CCA->CTG,829
GAG->TCG,277
AGA->GAG,5781
ACG->CGT,187
GTA->TTC,473
ATC->GGG,179
CCT->AGC,1451
TCT->CGC,5899
TAG->CGG,274
TCG->AGT,6808
AAA->GGT,4385
TGA->CTA,640
TTT->ATA,1698
GGT->ATA,1432
AGG->CCC,516
ATT->GTC,989
AGT->ATT,2984
TTC->GAT,646
ATA->GGG,3000
ATC->TGC,5905
ACA->GGA,7968
TAA->CGT,605
GGT->AGA,2310
CCT->GTC,697
AGA->GCG,875
ACG->CTC,243
CCA->GAC,3205
CGT->CTA,337
AAA->GAG,4941
TTT->CCG,326
CCC->AAC,2443
ACG->AGC,5809
TCG->ATT,11800
TCT->CCT,5348
GGA->GAC,2584
CTT->GAC,465
GGT->CAG,2717
CAT->CTT,5530
CTA->TGT,651
ACA->CGT,952
ATA->GCC,2830
AAT->GTT,1327
GAT->CGG,7578
TGC->GAG,686
TGC->TAG,5946
GGG->CTT,303
GTG->CGG,272
ACA->TCA,2445
TGT->GAA,1288
TTC->ACT,3930
AGT->CAT,3330
TCG->AAC,2898
CCA->TGG,2094
CTT->ATT,2411
GCA->TGA,1620
AGG->TCC,3430
GAC->TCT,3408
TAT->GGC,793
AAG->ACT,3500
GAA->GGC,3542
GCT->GTT,674
GGA->TCC,698
ATA->GGT,3172
TCT->GTC,874
GAC->GGA,354
GGC->ACC,1614
TTG->CCC,469
AAT->AAT,1443
CTG->CAT,634
TGG->TGT,3359
GAG->TCA,2498
ATA->CAA,1291
TTG->CCT,735
TGG->TTC,2037
ACT->GGG,905
TAC->GCT,416
TTC->ACA,3854
GCA->CCG,77
GAC->GCG,62
TGC->TCA,5740
TTG->TCC,3785
TGA->CAC,857
TAG->CAC,272
GTG->AGA,3759
CTG->AGT,3209
CAG->TAA,4198
AAC->GTT,622
NNN->CNN,1
ATT->ATT,2617
GTT->GGT,857
ACC->GAC,223
CCG->CTG,369
TTA->GCG,177
ATT->GAC,729
GCC->TTT,3543
GCC->GTC,286
AAG->CGG,439
CGG->TTA,160
GGA->GAG,4223
CGG->TAA,464
AAT->CCT,3491
GGA->CTG,671
GCT->GGC,463
TTG->CGC,262
CGC->TCG,53
GTG->TGC,1974
GAG->CCA,376
ATA->GTC,4135
TCC->ATA,2567
TCT->CTC,5777
TCG->CAC,127
AGG->ATC,3523
GCC->TCG,322
ATA->TCT,972
TTA->TTG,1066
TGT->ATC,1907
GAG->AAA,5654
TCC->GGA,89
AGA->CTG,1033
TCC->TGA,6719
CGG->CTG,66
TAA->GCC,1781
CGA->CTA,53
TAC->TCT,4112
CGT->AGC,379
GAG->CGA,481
GCA->CAG,714
AAA->TCT,3327
GTG->CGC,194
GCC->TCT,2586
ATT->GCA,1339
TAA->GAC,1434
CTA->CAA,829
AGC->GAC,327
CGC->ATA,141
ACG->ACA,7785
GCC->GAT,275
GAT->ATG,1036
ACG->TCA,1254
CGA->TGT,124
CCA->CTA,588
CAC->AAC,2969
CAC->AAA,3412
TTC->AGC,496
TCC->AAT,2683
AAA->GCC,3694
ATT->GAG,837
ACC->ACC,1866
GTT->CTA,1163
TAA->GTA,2451
CCG->CGA,123
AAT->AGG,1773
CAA->GTG,11898
GCT->GTG,800
ACC->TAA,2606
CCC->GCC,307
CCT->CCC,2865
TCC->TTC,6019
ACA->GGC,4251
TCA->CTG,1174
GGC->GCG,84
GCG->AAC,3434
GAT->CAA,3327
TTC->ATG,3557
CAT->CGC,9270
CAA->CAC,1136
TAT->AGA,1017
TCT->ACG,271
TCT->GAT,357
ATT->CCA,2651
AAC->GTA,469
TCA->CAC,930
ATA->GCA,4358
TAG->CTT,395
GAT->GGT,1034
TCC->TAC,3683
GAC->ATC,1490
GGG->ACT,3675
TGT->CGG,5848
GTC->ACC,1713
ACA->GCC,5004
AGA->CAC,1029
TGA->CCG,100
TCT->AGT,1538
GTC->TTA,1136
TTG->AAG,2744
CCT->ATA,814
AGT->GCG,168
TGT->ATA,1606
ACT->ATC,1359
CGT->AGT,422
CCT->AAA,901
GTG->TTA,1610
TCG->ATG,10828
AGT->CGG,5135
GAA->TTG,2753
ACC->ATT,2553
CTG->ACA,7046
CGG->TAC,248
GCC->GGT,106
CTT->GAT,958
GCG->CCC,160
CAA->GTC,6565
AAA->GTG,6478
AGC->TAG,4683
GAA->TAC,1575
TGG->CGT,555
CTA->GGT,3021
GTA->GCG,299
CTT->CCA,2948
TTA->GTA,4166
CTA->GCG,746
TTC->GAA,879
TCT->CTA,2785
CTG->TGG,4176
ATC->GTT,538
CCA->TTT,1674
CAA->CTC,736
CTC->GTC,1215
ATG->CAG,632
CTC->TGG,9312
TAC->GAG,1143
TCG->CTA,1043
CTA->TGC,415
TGA->CCT,1296
ATG->CTA,392
TGT->CCC,4096
GAG->ACG,471
CTC->TCG,366
ACA->CCG,109
ATG->CTC,497
ACC->GTC,407
AGG->CTT,667
TAG->AGC,1667
ATA->CCA,1029
GGG->TTT,2303
TTT->CTC,4442
CTC->AAT,3374
ATC->TTT,3456
CAG->TGC,3400
TAC->TGG,11353
CGA->CCA,156
GTT->GCG,125
TCT->ACC,1187
GGC->TCG,758
GCT->CCA,2653
AGA->GTT,4200
TCA->GAG,4103
TGA->CGC,876
GCG->AGA,7655
CTA->CTA,608
GAT->GGG,666
AAC->TCT,4183
GAC->TAC,3438
TGC->AGG,1105
AAA->CAA,2993
ACG->TCG,116
GCA->CTA,578
GAT->ACG,106
ATT->GGC,730
GGT->AAG,888
TCA->GGC,6119
GCA->TCA,1702
CCA->GGG,5935
TCC->TCG,642
CGC->TCC,493
AGA->GTA,4328
CGG->TCC,635
CGC->AAC,246
TAT->CCC,2953
CCA->TCA,2458
TAG->ATA,2601
TTC->TTC,5565
TAC->AAG,2377
CGA->CGC,78
GTC->GAG,535
CCG->TAT,588
GTG->TGA,2117
AAT->AGT,1596
CAA->TGT,1364
GTA->GTG,4852
GGC->TGG,7385
CCT->AAC,507
ATT->ACG,102
TCG->TAG,680
CTA->CCC,940
GTC->TAT,2093
GCG->TGA,770
TAG->CTA,317
CGT->GTT,155
TCC->AAC,1935
CCG->TCG,182
GGT->GGT,1209
TTC->ACC,3285
CAC->ACA,2731
CAT->AAA,1209
GTT->ATG,1516
TTT->AGA,1588
CCC->TCA,3716
TCT->AAC,750
ACT->AGA,1552
AAT->GTA,799
CCC->TCC,2351
GCG->ACT,5060
ATC->TCA,2745
AGA->TAC,866
TCT->CCG,497
GAA->CGC,331
ACA->CGC,534
GGA->TGG,1292
GTG->CTC,437
GGT->ACC,595
GAA->CAA,1681
ACC->TGC,8065
CAA->TGC,1198
ATT->AGG,930
ATA->TCA,1217
TGT->GCC,900
CCA->GGC,4374
GGA->CTA,617
CAG->ATT,10337
ACT->ATT,1910
CTA->CCA,749
ATC->AAT,2985
CGT->CCA,645
AGT->ACT,1318
ATC->AGC,579
AAG->CCC,350
TGC->TGT,8762
AAC->TAA,4787
CCT->ACA,1176
GAC->GGG,378
GCG->CTA,176
GAA->CTT,769
TAT->GCG,54
GCG->AGG,6572
TGG->TCC,3443
GCA->GTA,6004
GGG->TAC,1849
TGT->CCA,4260
GCC->TGT,4959
CTG->ATC,6188
GCA->TCT,1970
TCT->ACT,1277
ATA->GAA,5125
ATT->CGA,3607
GGT->ACT,1295
GCG->CGG,198
ATC->ACC,2823
CCC->GGA,156
CAG->ATC,7353
CCG->CAA,404
GGT->CTT,2983
TAT->CCA,3158
TGC->AGT,975
CGT->GCT,191
TCC->TGC,7738
TAG->AGG,2139
CAT->CCA,4486
GTA->CCA,386
TCG->CTC,329
GAC->GTG,518
GTT->AAT,546
ATC->GCA,433
AAG->TCA,3193
AGC->GCT,1211
CCC->AGT,1150
TGT->AAA,1710
ATA->GTA,6085
CGA->TCT,136
AGG->CTA,276
CGC->TGG,2018
AAT->GTC,822
TCA->TAT,1213
AGA->TTT,1223
CTC->GGA,248
GTC->ACG,201
CGC->TGA,1019
CAC->GAG,1215
CTG->TGT,2860
GTG->CGA,253
TCT->GGT,800
CGC->GTT,59
TCG->CAT,182
GCA->GTC,4655
CTT->ACG,116
CAC->TGT,16095
AGG->ACA,7156
GCA->CGG,588
CAC->GGT,357
CCC->TAA,2804
AGA->GAT,3909
AGT->GAC,795
GAA->GAG,5025
TCC->GAT,384
CAG->AGG,4514
GAC->TAT,3804
ATG->TCT,3666
GGC->AAT,2739
TAG->ACG,260
GGA->GCC,2021
AGC->AAT,3491
GGG->AGC,2237
TAT->GGT,923
AAC->AAT,3115
TCC->GGG,117
TCA->CGG,649
AGT->CTC,3180
ATC->GGA,226
ACT->ACA,1065
ATT->CAG,2976
CAA->TTT,1375
ATG->TCA,3742
GCG->AAG,5194
CTG->AAA,5322
CAC->ATA,1259
ATC->GAC,341
AAT->GAC,619
CTC->AAG,3733
GGT->GTG,1791
CCT->CAT,3251
GTG->TGT,2465
GGC->TGC,4943
GCG->CCA,296
CCA->TTA,821
ATC->GAG,472
TAA->CGA,661
GGT->AGC,1419
ACT->CTC,3830
TTA->CAG,919
TTA->GAT,2250
ATA->CGC,437
ATA->GTT,5707
GCT->CTC,3623
ATT->ATC,1973
CTA->TAA,723
TGG->TCT,4279
AAG->AAA,5452
CAT->ATC,1491
TAT->ATG,946
CAT->GCG,175
TGT->GTA,1228
ATA->TCG,170
CGT->CTG,778
GCC->AAG,2417
ACT->AAT,744
TCA->GTG,8765
AAA->GTC,3601
CAA->GAA,6774
TGA->GAG,3851
CCT->GCC,821
GCC->GAC,252
TTG->TCG,323
GTG->CAG,536
CTA->CTC,806
CCA->GTC,8887
GGC->ACT,2706
CAA->GGC,3707
TCG->CGG,189
GGT->GCT,1669
CAA->TAC,1614
ATG->AGT,3514
CTG->ATG,8475
GTC->GCC,290
CGA->CGG,173
CTG->AGC,3170
GCA->CGA,708
GAG->ATT,4019
AGC->TTT,3244
TGA->TCC,1211
TGC->TGA,6540
TTA->GAA,3612
TCC->TAT,4133
TAC->TAC,4235
GAT->CTC,2735
TAC->ACG,196
AAA->CTC,767
CCG->CGT,169
CCG->CTC,424
AAC->GCG,49
ACT->GTG,1053
GTA->GTA,4054
TGA->TTC,932
TAT->CAT,4929
TTG->CCA,676
CAC->TCT,6251
ATG->CCG,31
TTT->AGT,1437
CCG->TAC,548
TTC->ATA,2101
CAT->AGC,1377
ATT->ACA,990
TTC->GTG,743
CGA->GGG,294
ACG->TGT,1683
ATC->TGA,4809
AAT->CTA,2426
GAA->TGT,1321
TGG->TTA,1851
AAG->CAC,434
ATA->GAC,2138
TTT->GTT,2711
GGA->TAA,1174
TAT->GTA,517
TAG->CCT,429
TTC->AGG,634
TTT->GAC,650
GTT->CAC,1753
CAT->CAC,5304
ATT->GCT,1289
ACA->GTG,11529
TGT->CTC,4297
AAT->GAT,1216
AAA->CCT,2924
ACG->CCC,294
GGT->AAT,1758
TCC->GTA,273
AGG->AGT,3276
GCC->TGC,4255
TAT->CAC,3856
TCT->AGG,1533
TAC->GGT,355
AAG->CTT,563
TAT->GCC,522
ATA->CTC,886
TCT->CCC,4177
TAC->AGG,646
TAC->AAC,1569
TGC->GGC,187
CAT->CGT,10938
ATG->AAC,2408
CTG->CTA,1137
TGA->CGG,896
GCG->CAC,76
AAT->CAC,4137
AAG->CCT,546
CAT->GCC,917
CGC->ATT,310
CAG->CTT,837
GAG->AGT,4183
CGT->GCC,153
GAC->TCC,2053
TGC->AAC,2313
TTA->GGA,3401
CCA->CGT,640
TGA->TCG,164
GAG->ACC,3213
TCG->TCG,103
TTA->TAA,2261
GAT->GTA,527
CCT->CCT,3808
GCT->CAA,1680
TGC->GAA,741
AAG->TTG,2571
GGA->GGC,2217
CCC->GAG,529
GTG->ATT,4068
CCT->CTC,4026
GCG->TCA,781
TAG->TCA,2484
CAC->ATG,2649
TTT->CTT,4500
CGA->GAT,316
CGA->CAT,143
AGA->TCG,273
GCC->AGT,922
AGC->AGA,1306
CGA->TGA,213
TCA->TGG,1730
TCC->GGT,113
TAT->GAT,620
CAG->CCT,596
ACG->TAC,518
GGC->ATA,1640
AAT->ACT,1170
GGT->ATT,2752
CAA->GCA,6421
TAT->CTG,5515
GTT->CGT,2645
GTG->TGG,2395
AAC->ATG,2996
ACC->TCA,3403
CAT->GGA,1279
CCT->GGG,678
GCA->CCT,943
ATT->CTA,1561
GCA->TTC,794
ATA->TGG,762
TTT->ATG,1728
CAC->GTG,1009
ACA->GTA,9407
AGA->CCA,1660
TCA->TTC,1734
TGC->GCG,53
GGC->AGA,998
AGC->TGG,7533
GCG->TCC,866
TGG->CGC,380
GGG->ACG,617
TTC->TTG,4887
ACC->TCG,381
ACA->CCC,853
TGG->CAT,448
GTG->TTG,2762
GCC->TGA,6716
TGC->GTT,679
AGT->GGG,1255
TGG->ATC,2995
CAT->GCA,1033
ATC->TGT,6823
CAA->TGA,1418
TAG->CGC,194
TGT->AAT,1183
TGG->AGT,3267
ACG->TTG,1581
GAC->GAC,439
TGA->TTA,666
TCC->GCC,295
AGC->AAC,3005
ACA->CAA,2148
GTA->TCT,713
AAG->AGA,6845
CAC->GTA,427
GGA->GGT,3033
TCC->GCA,504
AAG->ATA,5289
ATC->ATG,2585
GTT->ACC,498
TTT->ACA,1124
GGG->CAC,327
CGT->ATC,316
ATG->TAG,3718
ACA->CCA,1486
TAA->GTG,2483
GGG->CGC,257
CTT->AGA,1810
GTG->TCA,2037
TCA->GCA,5427
ACA->TGC,1037
AGA->TAT,1001
ATC->TCT,3740
AAT->GAA,2503
TGG->CAA,848
AAC->AGA,1373
CTT->AGG,1777
ATG->ACG,300
GTA->CTT,422
TAC->ACT,1901
TGC->TAA,3889
AGC->TCA,4159
GAC->GTC,267
CGG->CTT,85
CCA->CAA,1706
GCG->TGG,945
GGC->GAG,730
CGT->CCC,576
AAA->TAA,2624
CAA->TAA,1760
CTT->GAG,713
GTG->CAA,463
CTT->CGG,5640
CAC->ACG,388
CTG->CCC,756
CGC->AAG,361
TAT->GAA,790
GAC->ACC,1695
GGT->CTA,1592
GAG->CCC,328
TTT->GGT,2059
GCA->CTC,906
GTG->ACC,2586
TTT->ACT,1358
TAC->AAA,2743
TCA->TAG,1817
GGG->TGC,1455
GGC->TTT,2506
CTA->TAT,760
GAG->CCG,18
ACG->AAC,4752
AGG->AAG,5326
TGT->AGT,2391
CAG->AAT,5381
AGG->CCA,716
TGA->GTA,3746
GCC->GGA,151
ACC->TTA,1869
GGA->TGA,1082
CGG->ATA,397
ACT->CGT,6334
GTA->CAT,855
CTG->ATA,7990
GGT->GCC,598
TGT->CTT,4959
TGA->CTT,737
TAG->TGG,1302
TGT->CTA,3389
TCG->TCT,1278
GAT->AAG,542
CAA->GAG,5274
GCT->GAT,311
CTT->ATC,2155
TCA->CGT,1074
TAG->ACA,2984
GGC->GAA,522
ACG->CAC,223
CCT->CCA,3396
CGG->AAA,396
AAC->GAC,309
TGG->CTC,464
TTC->GAG,662
CTA->TCC,881
CTG->TTG,3418
TAA->TCA,1724
CAA->GGA,5450
CGT->AAA,193
GTA->GCA,3071
GTC->TGA,2685
ATG->TAA,4012
GGA->GTC,2244
GCT->GCT,580
GAA->CCG,110
TAA->GGC,1603
CCC->ACA,2764
TCC->ACT,2695
TTA->TCG,185
AAC->TGT,14227
GTT->ACG,117
ACT->CTA,1804
GAG->CTG,589
GCC->AAA,2442
CGA->CTC,92
AAT->ATA,1621
ATC->AGA,655
CGC->GTA,24
ATA->TCC,889
TGG->ATG,4485
CAA->GTA,7043
CCT->AGG,2117
CCC->AGA,977
CGA->TAA,80
TCA->CTA,867
GAA->CGT,590
GCT->CGA,5016
TTC->TGT,7971
ATA->CTA,742
CGT->GGC,86
ATT->CCT,3366
CCT->CTG,3582
GGG->CCT,957
GTA->GGC,2372
ATC->GCG,55
CAA->TTA,927
CAC->TCA,5227
CTG->AAT,3429
AGT->CAC,2583
ACC->TTT,4208
CTT->GAA,1020
AAG->CTC,452
TGC->GCT,948
CGG->TTC,305
CCG->CCA,485
TTT->CGG,5712
TGG->TCG,310
GAA->TTA,1067
GTT->CTC,2197
CAT->GTA,749
AAC->ACG,373
ATG->CGA,298
AAG->AAT,3597
CAC->GGC,490
ACG->TAA,926
CTA->TAG,722
TGA->CTG,874
GGT->GAT,1042
TCA->CAG,1013
GGA->GTG,3361
AGC->TAC,2703
TAC->AGT,944
TAG->CAT,354
TCC->GCT,353
GAA->TGA,1713
TTC->AGA,830
GTG->CCA,394
TCG->CTG,304
AGG->CTC,401
TCG->ACC,5205
TAT->AAG,655
GAG->TCC,2853
ATT->AAG,748
AGA->TTG,1221
GTA->TAT,779
CCA->GCT,5160
GGC->TGA,5065
AAA->CTG,1969
GGA->GTT,3186
CTG->TTA,2824
CTG->TAA,3220
CTA->GCA,4853
GTT->AAG,462
TCA->CGC,582
AGC->GCG,101
TCT->GCC,694
AAG->TTA,1823
CGT->ACG,23
AGT->CCC,2792
AAA->CTT,1340
AGT->GGA,1301
CTT->GGA,1191
CCT->CTT,4146
TGA->CGA,824
AAA->TAG,3575
GTC->ATG,1751
GTT->ACA,824
CCA->TAT,935
CAG->CGA,527
TGC->TCT,5995
TCA->TCC,2472
GTC->GGT,319
AAT->ATC,1434
AGC->TGT,7318
GGA->GAA,6329
AAC->TTA,2645
TTC->ATC,3848
TGA->CCA,1125
AGT->GCT,2253
GAC->TGC,7593
TTA->GAC,1512
CAT->GAG,1149
TAC->GGA,224
TGG->ACT,4386
TAG->TGA,2292
TAG->TAG,2308
TGG->ATA,3586
TAT->AGC,985
ACC->GGT,205
CTT->CAG,4045
TAC->AAT,2558
ACG->TGC,1178
GCG->TGT,766
CCA->CTT,787
GGC->TCC,2449
CTT->ACA,1163
CAG->TTC,1867
CTT->AGT,1395
CTT->GGT,969
CGA->GCA,427
TGC->TAC,3445
GAG->AGA,5956
ACC->TTC,4200
ATC->GGT,257
CGC->GCT,109
TGG->TTG,2559
AGG->TGC,2289
CTA->TTC,610
AGC->TTG,4888
AAG->AAG,5477
GGT->GTC,1211
CTT->GGG,1152
CGT->ACA,162
GGT->CGA,4227
CCG->CCT,425
TCT->CAC,3310
TAG->CTC,255
TGT->GAT,868
GTA->GAC,1627
GAC->TGG,12418
CCG->TCA,1022
AGG->TGT,2611
AAT->ACC,980
TTG->ACA,3522
GGC->TTC,2462
GCA->TAG,1416
GCC->AGA,1064
AAA->CCG,252
TCG->TAA,793
AAG->ACA,5983
CCA->CCT,1032
AGT->AAT,951
GCG->CGA,96
ACA->TCT,1965
ACG->ACT,8677
CAG->CAT,576
GTC->AAC,1632
TCG->ACG,1080
TCG->TTT,1122
CGC->TGC,2108
CTT->AAA,1325
CTT->CCG,375
GGG->TAT,2723
TTC->GGG,280
ACC->GTA,387
CCG->CAC,301
GCG->TAA,584
AAC->GGG,274
ATT->GGG,730
TAC->ATA,1072
TCT->AAG,812
TAA->GAG,2715
ACA->CTC,964
CGT->GCA,174
GTT->CTT,2352
CGA->GTT,427
ATA->CTG,887
GGA->CCG,113
GGG->AAC,2534
GGG->TCG,360
GCT->GGT,604
AAG->CGT,413
AGC->GCA,673
TCC->ACG,428
AGA->TGG,1074
CCT->AGA,1666
CCC->GTT,416
CAA->GTT,9062
GTT->CCT,2916
AAG->ATG,6921
ATA->TGC,447
TGA->GGG,3671
GGG->CAA,509
CGG->ACC,946
GTA->CTG,375
TTG->ATA,4251
AGC->TCG,585
CCC->AGC,800
ATA->CAC,458
ACC->AGG,700
TGG->CAC,296
CTA->TTG,920
CAA->GCT,5650
CAG->AGT,4500
GTA->TCC,499
CGG->CAC,45
CAG->CCC,549
GCA->CAA,810
AAT->GAG,1088
GCC->ACC,1503
TCC->GTC,383
CGA->CAA,118
GGG->ATT,3200
CCT->ACT,1076
ACA->GGG,6076
AGT->GTA,1176
AGT->CTT,3125
TTA->CTG,1160
GGA->CGG,640
GTG->TTT,2166
TCC->TTT,6471
CCC->AAA,3696
CCG->TGT,612
CCA->GGT,3772
ACT->CCA,2943
CGC->GGT,38
TTG->TGT,3631
GTC->GGA,83
TAG->CAG,849
CCC->GTA,212
GTG->AAG,3557
CTT->GTG,1270
TGG->TGG,2723
GTC->ATT,1962
GGC->GTC,327
ATC->AAG,2300
GTT->GTA,658
GGC->GGC,192
GCG->TAG,615
CTG->CCA,792
TTT->CAG,4345
AGA->GAC,3319
GTG->TAA,2883
ACG->CCG,30
CTG->TAG,4036
GGC->TAT,2645
AAT->ATT,2663
GAA->TCC,1828
CTT->GCG,133
CAG->CGG,461
AAG->TCG,410
GTG->TAT,2540
GCA->TGG,1390
TCT->AAT,904
GTA->CCG,19
GGA->CTC,528
GTA->GAT,2330
GAC->GAT,485
ACG->ATG,16192
AGT->GAA,1402
TCT->GGA,804
TGC->TGC,5608
CGG->ACG,79
CTA->GAC,2334
AGC->TAA,3403
CTG->TTC,3059
TAG->CTG,362
AGA->CGT,838
CTC->TAT,4616
AAC->TTC,4042
GAG->AAG,5113
GAA->TCG,362
ACA->TGA,1726
CAG->ACG,839
TAA->TGG,839
CAT->CGA,8242
GTA->CTA,390
CAT->AGG,1603
AAG->TCC,2525
TTA->TCC,968
GCG->AGC,4265
CAT->CAA,3867
GCT->CGG,3941
GCT->CGT,3514
TTT->GCC,1897
AGT->CCT,3270
AGC->GGA,363
ACC->GGG,115
GAA->CCT,1329
AGC->TCT,3802
TTA->CGT,682
GTG->TCT,3310
GCG->CAA,207
CGG->CGC,71
ATC->AAC,2381
GCT->GCG,125
TAA->TTT,1566
GAT->GAC,579
GCA->TAA,1440
ACG->CTT,414
CTT->GTA,1195
GAA->GGT,3935
GAC->GCA,402
CAT->GTG,1176
CTA->GTG,9053
GGA->CAC,656
CCG->AGA,6675
TAC->AGA,625
CAG->TAG,4253
ATG->TTA,2781
AAG->TTC,2037
GCA->TTG,1536
TTC->ATT,4204
CTA->CCG,101
CAA->CCA,1491
GGA->TTC,585
AGG->ACC,3929
TTC->TAA,3577
TAT->CTT,4527
TGT->GTC,1176
TCA->GTA,7356
ACT->GTC,1001
GAA->CTC,681
GCC->TCA,2950
TCT->GCA,835
TAT->CGG,7023
AGA->GCC,3357
ACG->CAA,244
TAC->GCA,491
CCC->TAC,3645
GAC->TTC,2555
TCT->GAC,204
GAT->AAC,427
CAA->TAT,1803
CCC->TGG,8320
GTT->CAG,1893
GGT->CTC,3098
GGG->TTG,2291
GAA->GTG,4878
AGC->TAT,3396
ACC->GCC,303
TGG->TAG,3854
TAA->TTA,958
TTC->TAG,3954
GAT->GAA,1534
AAC->TAG,7734
CAG->ACA,6681
GTA->CGC,223
AAC->TTT,4414
AGT->GCC,1225
GTT->CCG,128
TTG->CTA,580
TGG->CAG,660
TAA->CTA,692
GAG->TAA,4442
CGG->TAT,356
CCA->CAG,1070
TAA->CAG,1082
TCG->CGC,128
AGT->ACA,1523
TGC->TTT,5540
ACA->GCG,808
TGT->GTG,1388
TTT->GGC,1500
CAC->AGA,1271
GCA->GAG,3694
CAA->GCC,4444
GTG->ATA,4161
CGT->AGG,606
TAT->ATC,1057
AGC->ATC,2537
AGG->CAC,397
TAA->CTG,576
CGT->GAA,144
TTA->TGA,1026
CAG->ATG,12633
AGC->GTT,553
ATT->AGA,1200
CGA->TTG,94
GAT->CAC,2953
CGC->AGC,168
TGG->TAC,1872
TTG->TCT,4698
ACC->TAG,3159
TTC->GGT,357
AGG->AAT,3458
TGA->TAA,1283
CTT->GTT,1547
GTC->AGC,306
GAT->GCA,929
TCC->GAA,366
ACC->GTG,668
TTG->AAC,1534
TGT->AAC,750
GCG->AGT,7432
ATT->GGA,1154
GAG->TGC,2839
GCT->CCT,2372
TCT->CCA,4569
TGG->ACC,3973
CCA->CGG,617
TGT->CGC,3854
GCC->ACT,1861
TTG->TTG,3526
GGG->TAG,3745
TAT->AAA,1033
TAT->GAC,367
GCC->ACA,2298
AAG->AGT,4578
CGA->TGG,189
ACG->AAA,9289
ATA->CAT,1587
TAA->GCG,291
GTT->AGG,1076
GGC->TCA,3905
TAA->CAA,1804
TCC->ACC,1864
GGG->AAG,4846
AAT->CTG,7905
GTC->AAT,1847
CTG->CTG,1231
AAC->TCC,3477
GGT->CAC,1922
TAG->TGT,1731
CAG->CTC,474
CCA->GTG,10320
GAG->CTC,315
CAC->ACC,2291
GTG->CCT,459
TCA->GCC,4308
GGA->CCT,959
ACC->ATA,1676
ATG->CGT,275
TGG->CCT,636
ATA->GAT,2789
GCG->ACA,5406
TTC->GGA,188
GTA->GGT,2491
GGC->GAT,437
GGA->GCA,4413
TGT->CTG,5422
TCG->ATC,9469
GAC->ACT,2349
GCA->TGT,1416
TCC->TTA,3103
GGT->GGA,1060
TTA->CTC,1396
ACC->GAG,344
AGA->TTC,837
GGG->TTC,1540
CCG->CGC,119
GCG->TCT,894
CAC->GAT,497
AGG->CGG,433
AGT->CTA,1983
ACG->TCT,1379
TAG->TAA,2505
ACT->CTG,3906
TTC->GCT,687
GCT->AGC,963
TCC->ATT,2966
GGA->CAT,840
TGC->GTC,385
TTA->GCA,3619
ACG->CAT,222
TCG->CAG,213
TGT->GCA,1162
GAA->GTA,4140
AAC->ATC,1951
GGC->AGT,1328
TTG->CAC,284
GCC->GTG,525
CGT->CGC,1119
AGC->AGC,689
GCA->GGC,3656
GAT->ATC,1127
CTC->ATG,3535
CTA->CGT,409
GCG->CCT,137
TTA->CTT,1949
GTT->GAG,630
GGC->GAC,252
ATA->CTT,1506
TAC->GCC,206
CTG->ATT,7795
CCG->TGG,1088
CCG->TCC,1403
GAA->CCA,1064
TGT->GGG,1295
CAA->GCG,1016
TCC->GGC,153
CTT->ACC,1236
GCT->CAG,2161
TCA->CAT,1204
CTT->CAC,3407
TTT->CGA,4054
CCC->GAA,430
AAC->ATA,1701
CAC->ATT,2572
CAG->CGC,475
CTA->CTG,936
CGC->TAT,392
ATG->ACC,3175
TGC->AAG,4058
ACG->CAG,359
CCG->ACT,7454
ACT->ATA,938
GTG->CTT,465
CCT->CAC,2674
TTG->CAA,627
AGC->TTA,1846
CGG->AGC,327
TAA->CCC,884
GTT->AAC,339
CCC->ATC,2289
GGT->GTA,886
AGA->GGA,6060
CAA->TTC,1157
GGC->GGG,286
CTG->CGT,376
TAA->CCT,1169
TTG->ATC,3509
ACC->GGA,131
CGT->CAG,509
GTG->CGT,191
AGT->CTG,4370
ACG->CGC,112
TAC->TAG,8103
CCC->TTG,3917
TAG->TCC,1944
CAT->GCT,1340
CCT->AAG,659
GGG->CGG,321
GGC->ACA,3369
AAA->CCA,2019
AGA->GGC,3105
TGT->ATT,3046
CCG->CCC,293
CCG->AGT,5633
GTG->CCG,32
TAA->GTC,1783
TCT->CGA,6436
ATA->CGG,362
CTC->TGT,6425
GTA->GCT,2453
TTC->GTT,861
AGG->TCT,5046
CGA->GCT,374
TAC->GTC,354
ACT->GTA,839
CTC->GGC,270
CTG->ACC,4328
CAC->AGT,1606
CAG->CCA,677
CTT->CGC,4089
AGT->GCA,1632
GTC->GGG,222
GAA->GAT,3325
GCA->GAT,3811
CTG->TCC,4629
AAG->TAG,3651
TCT->ATA,948
TCA->CCT,1211
GAT->CCC,1831
CAT->CCC,4014
CTT->ATG,2360
AAC->GCT,575
AAC->TAT,5408
CGT->AGA,775
CTG->CAC,492
CGG->TGT,416
GAT->CCG,253
GTC->TGT,3750
TAG->ATC,2326
ATA->CCT,1285
AAT->ATG,1342
GTC->TTT,2183
GGA->TCG,132
AAC->TAC,4220
AAA->TCA,3267
GTC->TCC,2208
CTG->ACG,425
ATG->CTG,565
GCC->TAT,2445
ACC->AAA,3656
TGA->GCC,3325
GAT->AGG,1473
CGT->ATT,450
ATC->TGG,5697
TTG->CGT,400
ACT->ACG,180
GTC->GAT,349
GGA->TAC,580
CAA->GAC,3348
GTA->TGT,526
CGG->TTT,356
CAA->GGT,4125
TGA->GAT,2632
TAC->GTG,412
CTT->ATA,1543
TAA->GGG,2067
CTT->GGC,694
TTA->TCA,1765
GCT->CCG,310
GTC->TGG,3602
GAC->TGA,9883
GGG->ATG,3731
TTG->AAA,3337
TAT->ACG,85
AAC->ATT,2060
TTA->CTA,842
ATG->CAT,566
ACT->ACC,829
CCT->AAT,743
ACC->TCC,2794
CCA->CGC,455
GTT->AAA,809
GAG->ATA,3928
CAT->AGA,1798
ATG->TGT,3210
CGA->GGA,598
CAC->TTT,5593
CTG->TAC,2231
TTG->TAG,3029
GTC->TAG,1905
TTG->CTG,776
TTA->GTC,3066
TAC->TAT,5115
CTT->CCT,5009
TGG->ACA,6131
TCA->CCA,1175
GCC->GTA,209
ACT->AAG,637
AAT->CAA,5442
TCG->TGA,863
TTC->AAT,3728
ATA->TAT,980
AGT->ATA,1790
CTC->TTT,4550
CAC->GCG,99
TGC->TTG,5458
CTC->TAC,3549
CAA->TGG,1276
GGT->GCG,201
TTA->TAT,1223
TTC->AGT,814
GGA->GCG,426
TCG->AAG,5630
TGA->GGC,2749
AAC->TGC,10073
GGG->CCG,100
CAC->GGA,522
GGT->CAT,2168
AGT->AGG,2525
GCG->CTG,369
AGT->AGC,1835
TTT->GAT,1236
AGA->CTC,782
GGT->CCG,364
GGA->TTG,873
TGA->CAG,1471
AAA->GTA,5745
GCG->CAG,178
GAT->GCC,677
CCG->CTA,199
CCA->CAC,868
AGT->AGA,2942
GAA->TAT,2004
ACA->GTT,10054
GTA->CCT,698
GCC->GAG,304
AAG->TGG,2592
CCG->CAT,158
CTT->GCT,1533
TTT->GTG,1777
GCA->CGC,504
ACG->CCT,382
AAT->GCG,135
CCA->TTG,1561
GCG->ATC,8274
AAC->AGG,885
TCT->CAG,4638
TCA->TGC,1608
CCT->GAT,378
AAC->GTG,786
GGG->ACC,2741
ACG->TAG,774
GTG->TCC,2179
AAC->GCC,319
TTC->TAT,4189
ATA->GCG,397
CCC->TTC,4628
ATG->CCA,362
TCT->CTT,6158
CTC->TGC,5321
TGG->TCA,3456
AAC->AGT,1381
ACT->GCC,742
TCA->CTC,1245
AGT->CGT,5191
CGT->CTT,618
TTG->CTT,894
ACC->GAA,509
TTT->GAG,836
GTT->ACT,876
CTT->CTG,4332
TAA->TCC,1521
CCA->GGA,5608
NNN->TNN,1
CGC->ACT,574
GAG->AAC,2742
CGT->GAC,76
AAG->CAT,582
GTC->GGC,98
AAC->ACT,3128
CGT->GTG,198
AAA->TGC,1313
GCA->GCC,3167
CAG->TTT,2846
TCG->TTA,746
GAA->TAA,1985
GAT->GTC,749
AGT->CCA,3622
GCC->ATT,2019
ATT->CGT,4483
CGG->TAG,516
GAA->GCG,493
CTC->ACT,4321
CGC->AGT,171
ATT->CCC,3010
TCA->TGT,1549
TAT->AGT,1010
GCC->GGG,137
CCG->ATC,13308
CGC->ACA,258
CGT->GCG,21
GGT->GGG,776
AGA->TCA,1685
TCA->CTT,1336
CGC->TGT,960
GCG->ATT,9385
AAA->CGT,1076
GGC->TAG,4059
GAG->ACT,3516
ACA->GCA,6742
TAT->CTA,2608
CTT->CAT,4742
GCC->AAT,1892
GTT->AGC,803
AAT->CGA,8934
ACA->GAC,2938
AAT->CTT,5013
CTA->TCT,1296
GAG->TAG,3490
CAG->TAT,2711
ACT->CGC,5057
ATC->AAA,2534
AAT->AGC,1235
AAG->CAG,1070
AAA->GCA,5863
CCT->GAA,597
ACT->GGT,1279
TAC->GAA,585
CGG->CTC,61
CAG->TTG,2673
GTG->TTC,1595
CGG->TCA,350
TGA->TAT,908
CAA->TCT,2512
CCA->TCG,606
AAA->GGA,6656
GAC->GTT,571
ACT->GCG,114
TGG->ACG,570
ACT->ATG,1332
ACC->TCT,3831
ATC->ATT,2372
ACT->GAA,551
TGG->TAT,2848
GGA->CGA,563
CAA->GGG,3995
GTC->GTT,423
NNN->ANN,2
CTC->AGT,844
TGG->CCC,430
AAC->TGA,12574
CCG->TTG,1003
TTG->CCG,56
CAC->AAT,3066
GCA->GTG,9506
TTT->GAA,1425
GAT->CAG,5049
GTT->CGC,1938
GAC->AGT,760
CAA->CCG,172
GTG->TCG,273
GTC->ACA,1900
AGG->ATG,5890
ATC->ACT,3007
GGC->GCC,398
CAC->TAG,9447
GGG->TCA,2497
ACG->TGA,1391
AAG->TCT,3102
ACG->TTC,1144
GTC->GTG,527
GCG->TTA,582
CAG->ATA,7903
ATT->AAT,1046
ATG->ACA,4322
CCT->GAG,572
TGC->GTA,469
TTT->CAC,3173
GCG->CTT,212
CAA->CTA,462
GTG->AGT,2663
TGG->CGG,472
CCT->GGT,723
CCT->CGG,5781
TTG->TTA,3016
GAC->ACA,2069
CCA->TAC,1215
GAC->TCG,450
CAT->CGG,10386
GGG->CCA,426
ATA->GTG,4930
ATT->GGT,1290
GAG->CGC,298
GCT->GCC,500
AAA->GGG,5695
GAG->TGA,2900
CCT->CGT,5361
CAG->CAA,899
GCG->TTT,745
TTG->ACG,249
CTA->TAC,461
TAG->TAT,1546
TGG->ATT,3646
TGT->AGG,2144
TAG->AGA,3369
CAC->TGC,17719
GGG->CTG,383
CTT->AAG,806
AAA->TTG,2602
TGC->GCC,558
TAG->ACC,1860
TTT->CGT,7771
AGA->GGG,3936
CTC->ACC,3813
TAT->CGA,6131
ATG->CAC,276
AAA->TTT,2606
CCA->GAG,6546
CGA->TAT,152
GTC->AGA,335
TAA->CCG,28
CGC->TTT,618
CCG->AAT,5630
TTG->TCA,4547
TCC->GCG,81
GTT->GGA,763
CCT->CGA,6135
GGC->TAC,2195
ATG->TGA,2917
TGA->GTG,4366
GCC->GCC,225
GAC->GGT,262
TGG->TGA,4024
TCG->ACT,7929
CGA->GGC,308
CGA->CCC,174
GTC->AAA,1801
AGA->CCT,1988
CGT->CAC,407
GTG->AAA,4195
ATA->GGA,4523
CGT->ACT,255
AGC->AGT,1319
TGA->CGT,742
ACA->CTT,1243
TCA->TGA,1589
CTG->ACT,5824
ATG->AGA,4686
TAA->TTG,1141
GAA->TCT,2329
TCG->CCA,293
GCA->CCC,682
GCC->TTG,3124
ACC->TGG,5032
CAC->TAC,5695
GTT->GGC,737
CTA->CGC,544
GCA->GTT,6658
TCT->GTG,596
TGG->CCA,468
CGA->GTG,675
ACA->TAT,1185
AAT->CCG,232
GTC->GCA,319
TGG->CCG,50
GTC->AGG,438
GGG->AAT,3177
CGT->CCG,115
GCT->ATC,1023
CTC->ACA,4060
GTA->CCC,587
GGC->TTA,1514
TGA->CAA,2056
TCC->TGG,6219
GCC->GCG,75
GTT->GTT,965
AAG->CGA,434
AAC->GAG,1204
CGG->TGA,471
CAT->CCG,477
AAT->CGC,7219
TGA->GTT,3046
CTG->CTC,1419
TGT->GCT,1545
GAT->AGA,2161
TAT->GTG,460
TGC->ACA,2792
GAG->CCT,361
TCA->GCG,726
TGT->GAC,577
AGT->ATC,2113
GTT->CGA,2216
CGT->AAT,150
CCG->TTT,991
CCG->TGA,799
TCC->ACA,4124
CGC->TTA,325
TGG->AAC,2472
AAC->AAA,4729
TCG->CCG,30
GAA->GGG,4040
TGC->ACT,3486
GCC->ATG,3087
AAG->TAA,4897
ACA->TTT,1640
GAC->TAA,3702
CGA->TCG,25
GAT->GAG,1499
CAG->TGT,2962
TAT->CCG,330
TCA->GGT,5540
CAT->CTA,3123
AGT->AAA,1971
CCG->AAA,10181
CTA->GGG,4323
TCT->GTA,735
TGC->AGC,755
GGA->CGT,640
TCG->ATA,9944
TAC->GGG,159
CAT->CCT,5148
GGT->AAC,503
AAA->GCT,4411
AGC->AAA,5310
CTC->TTG,4828
AGC->GAT,315
TTA->GCT,2662
GAA->GCT,3486
GGG->TGA,2268
CGG->AAG,411
TGG->AGG,3472
AAG->CTA,508
TAT->ATT,1947
GCT->ACG,71
GCT->ATT,1401
TAA->TGC,736
CAA->GAT,5406
ACT->GCA,927
CCG->ACG,1977
AGG->CTG,644
TAC->TGA,9345
TCG->TTG,1001
AAG->ACG,432
TGA->TTG,1104
CGC->GGG,92
CAA->TCC,2310
GTT->ATT,1886
CCG->AAC,4892
GTT->CCA,1764
AAA->CTA,1098
AGA->CGC,811
ACC->GTT,380
ACG->AGT,9683
CCG->TTA,610
TCA->CCC,858
AGG->ACG,779
GAT->GTT,994
CAA->TTG,1350
CAG->TGG,2568
CAC->TCG,684
GAG->CGG,424
CCC->TCT,3662
ACT->CGG,4447
TTA->GTG,3574
CCA->GCG,1356
AAG->AAC,3029
CAA->CGC,720
GGC->TCT,3161
CCT->GCG,185
TGG->TAA,4472
GAC->ATA,1539
TGT->GGC,918
GAC->AAT,2301
CGC->TTG,707
GGA->TTA,514
CGA->TGC,86
GAC->TTT,3547
CCC->TTT,4208
GCA->CTT,762
TAT->ATA,949
CCA->GTA,8553
CCA->TCC,3789
GTT->CGG,2723
AGG->TGG,2648
GAA->CTA,670
TAG->TTC,1410
AGT->GGT,1465
CTC->ATC,3429
GAT->CAT,3340
TAT->GCA,639
GAT->CCT,2429
ATG->TTG,3446
CGT->AAG,163
GAA->TAG,2220
TTA->CAT,1105
CCC->AAG,4159
GAA->GAC,2761
CGA->CAC,90
TGA->TGG,1207
ACA->TTA,1163
ATT->AAA,1356
TAT->GTT,1143
TGG->CGA,537
ATT->ACC,937
AAC->GGT,358
AAT->AAA,1870
ATG->ACT,3368
AAG->CCG,70
CTA->GAT,2835
AGC->GGT,374
CAT->ACT,1257
ATC->TAC,2524
TCA->TAA,1603
CAT->CTC,5005
CCA->TGT,1298
ACG->ACC,9142
GCA->GCA,4250
ATT->AGC,1219
CGA->TCC,135
CTA->GCT,4430
CTC->GTG,1157
GGT->GAG,941
TCG->CGA,115
TTT->CCT,6401
TTN->TAG,1
TGT->GAG,903
TTA->TTA,1116
ATT->ATA,1485
ACT->CTT,3511
ACC->GAT,349
TAG->CGA,385
TCT->CGT,6866
TAG->AGT,2196
CTC->GAT,550
AGT->CAA,2831
CGG->TGC,444
CCG->TAA,807
CAC->GAC,623
TCG->TCA,938
TAC->ATC,1185
CAC->TTA,2929
TAA->GTT,2496
TTT->CCA,4615
CTG->TCT,4983
CGT->ATG,348
TCG->AGC,7371
GCC->AGC,608
TTT->CTA,2653
CTC->GTT,1214
AAC->TCG,460
ACT->GAC,274
GCG->TGC,613
GGT->CGC,2929
ACA->CTA,946
ACG->ACG,1013
CGT->CCT,602
TTA->GGC,2012
GTG->ACA,3376
CCA->GCA,6424
CAG->TAC,2158
CAC->GGG,425
GAT->AAT,696
ACC->AAG,2744
TGA->CTC,821
TTG->TTT,4459
TCG->TAC,288
TTA->GGG,2590
TCA->CAA,1314
ACC->AAC,2467
TCA->GAT,3242
TAG->ATT,2436
ACA->CGG,655
TGG->AGC,2709
AGT->ACG,154
GAA->CGA,953
AAG->CGC,332
CCT->GTA,668
GTG->AGG,3051
GGC->AAC,2156
GTA->CGA,216
CAG->TCG,388
CTT->CTT,4368
TAA->TGA,1129
CCT->CAA,2811
GTG->AAT,2472
CAA->TAG,2525
ACG->CGG,135
GAT->ACT,813
CGT->GAG,107
GAT->GGC,768
CAC->GCC,474
TGA->GCT,3869
TGT->GGA,1015
AAA->TAT,2785
TAT->CAA,3807
TCG->CAA,265
GTA->GAG,3553
CGT->GTC,111
GGT->AGG,3430
TAA->CAT,1184
GTG->CAC,318
CGT->AAC,116
CAT->GAA,1167
GAG->AAT,3155
GGC->TGT,8529
GCT->CCC,2141
GTC->AAG,1842
AGA->TCC,1270
TCC->AGT,1140
AGA->CAA,2139
TCC->TAG,4874
TGG->AAT,2703
CAA->CGA,754
AGT->GTT,2359
TCC->TCA,5287
CGC->TAG,702
CCC->ATA,1272
TCT->AGC,1689
AAC->GGC,253
ATG->ATA,5698
CGC->AGG,189
CTG->CCT,815
CCT->GGC,605
AGA->GTG,4997
AGA->GGT,3528
GCG->TTC,691
AAA->TCC,2932
AGA->CCG,197
GTC->TCG,153
GTA->GGG,2750
GGG->ATC,2228
GAT->CGA,6401
AGG->CAA,811
GCT->GAA,419
ACG->CTA,235
AAT->GCA,992
TTA->CCC,1071
AGG->TGA,3211
CTC->TAG,4545
GGG->TGG,1424
GAC->ATT,1504
GCA->TAC,856
GGA->GTA,2769
TCC->TGT,8053
TAA->CGC,548
GCG->ATG,16516
TGA->TAC,959
CGT->GTA,124
CTT->CAA,2817
ATG->AGG,3208
GGA->TCT,909
GGC->GCA,477
GGC->AAG,4302
TTG->TAT,2438
ATG->TGG,2399
GTG->ATG,5464
GAG->TTC,1720
ATT->GTG,1412
AGC->GAG,857
CCA->CGA,518
CTG->CAG,761
GGC->GTG,464
TGC->TGG,8366
TAA->TCG,239
TGT->AGA,2491
AAG->TAC,2147
CCC->GAT,280
CTA->CAG,912
CAT->ATA,1217
ATT->CAC,2295
CGG->CGT,82
AAG->ATT,4526
CCC->TCG,519
GCC->TTC,3869
TTC->GAC,423
AGT->AAG,1309
AAT->GGC,850
CGC->GAG,72
CCT->ATG,1323
CTA->TCG,125
TCN->CNN,3
GTA->TAC,360
CGA->GCG,42
TGT->CCG,318
CTC->AAC,3119
GTG->CTA,287
TAG->TTA,1186
ATG->AAG,4548
TTA->TTC,803
GTA->TCA,578
CTC->GCT,871
ATG->CAA,742
TCC->GAC,180
ACC->AGT,1243
TTC->GGC,163
ATC->ACG,418
GAC->TCA,2783
GAT->CTG,4769
AAG->TGA,3903
GTT->GTG,845
GAA->CAG,945
CCG->AGG,9140
ATC->ATC,2425
CGT->CGA,864
TAG->AAG,2731
TAC->TGC,9025
TTG->CAT,544
TAC->ACA,1788
TCT->ATG,1409
AAT->ACG,179
ACC->AAT,2943
AGG->AAC,3239
AGT->GAT,1242
AAA->TCG,488
TAT->AAC,466
TTT->AAA,2397
ATG->ATG,5661
TGC->ATC,2383
TGA->GGA,4706
TCG->AGA,7196
GAC->AAG,2329
CAC->ATC,1531
CAT->ACC,981
TCT->GAG,256
GAC->AAA,2922
CGA->CAG,121
GCT->CTG,2591
TTT->AAC,688
ACT->AGG,1350
AAA->CGG,940
GCG->AAT,5751
GTA->TTA,468
TAC->TCA,3604
TTT->AGG,1418
ATC->TCC,3511
CTC->TCA,3801
CAG->TGA,3524
ACT->GCT,750
GGG->ATA,2763
GAT->GCG,77
GTC->ATA,936
CCG->TGC,904
CTC->GGG,421
AAG->ACC,3792
TCC->ATG,3228
ATC->TAG,3049
GTT->ATA,1046
CAC->TCC,4759
CTA->CAT,1351
GGT->CGT,4384
ATC->TCG,314
CAN->GCC,1
TAC->ATG,1422
TTG->CGA,378
CCG->ACA,8633
GGA->CCA,777
CCT->ACC,1391
TAC->TTT,4120
CTC->TCT,5925
AGC->ACT,4130
CAG->AGC,3901
CCA->TAG,1845
CCT->AGT,1896
ACT->GGC,871
GGC->GGA,128
CGA->TTT,125
AGG->TTA,2001
GGG->AGT,2643
GGT->GAC,660
ACT->CCT,3071
GAA->GTC,2938
TAC->GTT,436
TAG->TAC,1149
GGC->ATG,3963
AAT->GTG,780
TTT->ACC,1028
TAC->AGC,292
CAC->GTC,541
TAC->GGC,97
TTC->TTA,2552
ATG->ATT,5582
TTC->TCT,6513
ATA->TGT,775
CGC->AAT,293
ATA->TAC,553
CTA->CTT,1039
CAA->CCT,2138
CTG->AGG,4726
AAC->TCA,3728
TGT->GCG,83
ACG->CGA,205
GAT->AGT,1111
GCT->AGA,1501
GCA->TCG,369
GCT->CAT,2315
GCT->GGA,720
CGC->AAA,313
GAC->ACG,209
GAC->AGC,601
GAG->TTA,1260
CGA->GCC,305
GGG->TCC,1801
GAC->TTA,1823
GCG->TAT,632
CCG->ATG,15248
GAG->TTT,2237
GAA->GTT,3968
CGT->CAT,262
GCC->GGC,62
TTT->CAT,4548
TTG->ATT,4457
AGT->GAG,1167
GCC->GTT,228
ACC->TTG,3495
CAT->ATG,1314
TTG->TGG,3990
ACC->TGT,8856
TCT->GTT,1073
CGA->GAA,539
GTA->TTG,558
ACC->GCA,383
GGA->CTT,637
TTA->GAG,2636
GTC->AGT,363
GTC->ATC,1988
TCC->TAA,3715
TCT->GGG,562
GCT->CGC,3216
TTG->ATG,3316
GCT->ACT,769
CTA->TTA,623
TTG->CTC,665
ATA->CGT,459
ACA->GAG,5522
TTA->CCG,222
CCT->GGA,658
GGA->TAT,850
TTT->AAT,1090
GAC->TGT,9681
GTA->GAA,3753
CTG->TTT,3368
CGT->GGT,195
TCG->AAA,6500
GCA->GGA,5786
ATC->AGT,877
CCA->CCA,1147
TTC->GTA,715
GCA->CTG,1075
CGG->ATG,705
CTT->GCC,1681
GGT->GGC,668
TCC->ATC,2921
GAG->ACA,5100
AAG->AGC,3698
GAT->ATA,1392
GGC->GGT,258
AAC->TGG,13661
TTT->GGG,1493
TAG->AAA,3720
GGG->AGG,2034
CTT->GCA,1870
ACG->AAT,7086
ACG->TCC,1573
ATG->TCG,306
GCA->GAA,5206
AAT->CAG,8197
AGA->TAG,1304
ACA->TTC,1145
ATC->TAA,1835
TTA->CGG,589
CAG->ACT,5965
CTA->GTA,7401
GGG->TGT,1828
TGA->TGC,1215
GGT->AAA,968
CGC->AGA,76
TCT->CGG,4882
GCC->TCC,2503
CGA->TTC,141
GTC->TAC,1937
TAT->GGA,921
ACG->TGG,1119
TGC->ACC,2354
CTT->CGA,4351
CTG->CGG,579
CCC->TGC,7103
GGG->CAG,576
GAA->CGG,589
CGT->CGT,911
GAG->CTA,242
ACT->AAA,990
CAC->GTT,771
GAT->GGA,1055
TCG->CGT,84
GCA->GGG,4955
AGA->CTT,960
GGT->ACG,137
TCT->GGC,921
CGG->CCA,44
GTG->ACT,2774
ACC->ATG,2820
CAG->CGT,527
CTT->CTC,3835
TTG->AGC,2453
CCA->GCC,5456
TAC->GAT,414
GAA->TTC,1017
TCA->GAC,1976
TGT->CAC,2880
CAA->TCA,2437
CGC->GCG,14
TCA->TCG,790
GCC->TAA,2363
CCA->GAT,4423
ATC->ACA,2817
TCC->AGG,731
AAT->AAG,1000
CCC->TAT,3440
CTG->CGA,431
AGG->AGA,6257
GGT->CCA,2912
GGA->TGC,576
ACA->GAA,7746
GCG->CCG,49
TTT->GCG,80
GAC->AAC,1536
ATG->AGC,2979
CAG->CTG,882
GAT->ATT,1636
ACT->GTT,1321
TCT->CAA,2709
CGC->TCA,482
ACC->ACA,3212
CAC->ACT,3038
GCC->TAC,2449
CGC->GAT,31
CTA->GGC,2459
CTT->CGT,5170
CCG->CCG,67
TTG->TAC,2110
CAA->CAT,1628
ATT->AGT,1147
TCA->TTT,1804
AGA->TGT,1086
GAG->CAA,780
CCG->CGG,218
AAG->ATC,3877
GCT->AAA,598
CGA->CTG,72
CGT->GAT,79
AAT->AGA,1974
CGG->AGT,435
ACT->AAC,545
AAT->GGT,1544
CGG->CCT,91
TTG->TGC,2335
ACA->TGT,1401
GCC->TAG,2780
TAG->TCG,225
AAA->CGC,766
AGT->GGC,997
AGG->CGC,219
CGC->GAA,64
GTT->CTG,2500
CCC->TTA,2377
TAC->TAA,4175
CCG->ATT,12522
TCG->TCC,1361
AGA->TTA,937
GGA->GGA,4111
GCT->CAC,2007
AGC->ATT,2791
CCA->GTT,8739
TGA->CCC,1550
AAG->TTT,2697
GGA->CGC,333
GTG->CAT,304
CAG->TTA,1925
CTG->TCG,427
TCG->TAT,532
GGC->TTG,3374
TCC->GAG,424
AAT->GGG,1013
TTA->TAG,1330
TAT->GTC,581
TGC->TTA,3258
ATC->GTG,513
TAA->CCA,1012
AGC->GTA,467
ATG->CCC,401
TAG->TGC,1568
GGG->AAA,7257
TAC->TTG,6303
CAT->GGC,1066
ATT->ATG,1866
ACA->CCT,1713
GAT->GTG,752
CCG->ATA,11719
ATA->TTG,1269
ATA->CCG,131
TCG->TGT,1011
CGG->CCG,6
TGT->AGC,1586
CGA->GTC,341
CAT->GGT,1333
TGA->TTT,989
GGT->AGT,1621
ATA->TTC,655
CAC->AGC,868
TTA->GGT,2221
CGA->GGT,502
CTC->ATA,1962
GGG->CAT,390
CCG->TCT,1030
TTT->GGA,1454
GAA->CAT,982
TGA->TGT,1003
ACG->ATC,10804
CCA->CTC,673
ATG->TCC,3070
AAA->CAC,1082
ATC->TTG,3995
ACA->TGG,1906
GGG->TAA,3350
TAA->CGG,554
TCA->GTT,8890
AGT->AAC,697
GTA->CGG,306
GTG->TAG,3432
CTA->TTT,1124
ATC->ATA,1709
ATT->GAT,1596
CTC->GCC,591
GAG->CTT,530
TAA->CAC,635
GTC->GCT,377
ACA->CTG,1169
AAA->CAT,1431
CGC->GAC,37
ACT->AGC,1553
ATG->AAA,4351
TGC->AGA,1091
ACG->AGA,8885
ACA->TAG,2174
ACG->TTT,1399
GCC->ATC,2525
CTG->CCG,64
TGC->AAA,3743
GCG->TTG,1094
TGA->TAG,1128
CAA->CGG,1008
GGC->GTT,348
CGG->CTA,30
AAA->GAA,5781
TTG->TAA,3607
AAA->TTC,1666
CTA->CGG,495
AGG->CGT,497
CGG->ACT,662
CTC->ACG,452
TTC->TCG,514
GCC->AAC,2046
CCC->GGT,143
CAG->AAC,3403
ATT->ACT,1013
GAG->CAC,446
TAC->TCC,3093
TAT->AGG,815
GAC->AGA,972
GAT->AAA,917
AAA->GCG,555
TAC->TTC,3362
GGT->GCA,1728
TAA->GAT,1908
GCC->AGG,765
TCT->ATC,1730
GTA->CAA,511
ACC->TAC,2722
AAC->ACC,2763
GAG->TGG,2255
CTT->AAT,870
CGC->ACC,292
GGG->CGT,262
TAG->TTT,1784
GTA->CTC,505
TGA->GGT,2904
TCA->GAA,5793
AGC->GCC,375
ATG->ATC,4361
AAC->GCA,433
TTT->ATC,1945
GCA->TCC,1582
TAG->CCC,225
CTG->TAT,2555
CAT->GTT,1476
GCC->GCT,291
AAG->TAT,3009
TGC->ACG,312
GAC->TTG,6007
AAG->CCA,510
TAG->CGT,218
GCC->TTA,1641
TCC->GTT,506
AAG->TGT,2783
CCC->GTG,584
CTG->AAG,4463
GTA->TGA,718
ACA->TCG,461
TAT->GCT,728
ATT->GCG,137
AAC->AGC,686
ATA->TAG,989
GTT->GGG,955
CAG->CAC,531
CGT->ATA,200
GTA->TTT,865
TCC->AGC,727
AAT->CGG,9612
CCC->GCA,738
CTC->TAA,2698
TCA->TTA,1037
GAC->GCT,398
CCA->TTC,1570
CCC->GGG,213
AAC->GAA,1113
GAA->TGG,1456
CGG->TCG,54
ATT->GAA,1699
CTC->TTA,2212
GGG->CGA,326
GGC->ATT,2507
TAT->CGT,7442
TCC->AAA,3050
ACT->GAG,561
TTA->TTT,1842
AGG->TAG,4646
AGA->TCT,1469
GTG->AGC,2316
GCT->GTC,494
CCG->CAG,387
CTA->GTT,7883
TTT->CTG,5432
CGT->CTC,370
ATG->AAT,3219
AGA->CTA,871
ACA->CAT,1473
CTC->AGA,630
CGC->GCC,96
GCT->ATA,691
CCA->CCG,107
GTT->GAA,684
TCT->CAT,4277
CGG->ATT,485
TGG->CTA,349
CAT->AAG,1217
AGC->TGC,5047
AAT->GGA,1727
GAC->GGC,230
AAT->CCC,2879
CGC->TAC,540
TAC->ATT,1485
CGC->GTC,73
CAA->CTG,1095
GAG->TTG,1750
CTG->TCA,4450
GCT->GAG,247
TTA->CAC,847
GGG->TTA,1297
AGG->TAC,2258
TTA->TGG,811
ACG->ATA,14530
CAA->CAA,2109
TAG->CAA,817
GTT->GAT,512
AAA->TGA,2003
TCC->GTG,544
GCT->ACC,688
ATT->GTT,1456
CCT->GTG,777
ACT->AGT,1413
GGA->TTT,965
TCA->GTC,7575
GTC->TGC,2616
ACC->ACG,394
TCT->ATT,1923
AAA->TGT,1936
ATC->AGG,367
ATC->TTA,1617
TTA->CGC,426
GCA->GCG,1160
AAC->AAG,3154
GAA->TCA,2107
AGA->GAA,8182
TAA->TTC,1365
TAC->GCG,108
ATT->GTA,1191
ACA->GGT,6451
AAT->CCA,3719
AGA->CAT,1267
GTC->GTA,223
AAC->GTC,513
ATG->CCT,374
AAT->GCC,572
TTG->AGA,3625
GTT->CAA,1239
CTC->GAA,611
CGG->CAA,60
GTC->TTG,2595
GCC->ACG,436
TCT->GCG,173
CTA->GCC,3161
GTC->TCT,2712
CAG->CCG,102
TTA->TGC,563
TGT->AAG,969
CGG->CGG,89
CGT->GGA,160
GAA->GCC,2801
ACA->TAC,929
CTC->ATT,3066
CAA->CAG,1518
TCT->GCT,1268
CAG->TCA,4195
CGA->CGT,104
TCG->CCC,248
TTT->ACG,89
TCG->AAT,4982
TGC->ATT,2815
TAA->TAA,1656
ACC->GGC,128
ACC->GCG,67
TCC->TCC,4055
GGC->AGC,752
ACG->TAT,733
ATA->GGC,2230
GAA->CTG,907
TGG->AAA,5089
TGG->AGA,5312
AGG->TTC,2515
GCA->TAT,1203
ATC->GCT,462
ACA->CAC,1212
ATA->CAG,650
TGT->ATG,2141
CGG->ACA,894
CGG->CCC,120
GAT->CGT,5470
GTT->GCT,948
GCG->TCG,159
CGT->GGG,119
CGC->GTG,67
GAC->GCC,393
TTT->GTC,1748
CGA->CCT,268
GCA->CAT,687
GAA->CAC,624
GGG->CTC,302
GAA->GGA,6252
AGC->ATG,3565
TGT->CAA,3703
TTA->TGT,999
AGC->ACC,2283
GCA->GGT,5789
GGC->TAA,2705
GGT->ATG,2108
CCA->TGA,1428
AAT->AAC,827
GTA->GGA,4252
CTC->GGT,331
GTT->CCC,2195
ACA->TCC,1784
ATG->CTT,600
CCC->ATT,2400
AAT->ACA,1090
CGG->ATC,352
TAA->TCT,1932
GTC->TTC,2217
AGG->ACT,4516
AGA->TGA,1445
ACT->GGA,1282
GAC->GAG,1418
GTA->CAC,364
TTC->AAG,2837
ACA->GCT,5839
GCA->TTT,1145
CAT->CAT,5513
TAT->CAG,7283
GAA->GAA,5507
TTA->GTT,4053
AGT->AGT,1887
ATG->TAT,2798
ACT->CAG,2824
CCC->TGT,6358
TGG->TTT,2878
TTT->GCA,1378
GAT->ACC,642
CGA->CGA,167
CCA->TAA,1583
GAT->CTT,3490
CAG->TCC,4337
CCC->AAT,2593
CCC->GCT,468
TGC->GGT,362
ATT->AAC,845
AGG->AGG,3502
GGC->AGG,1273
TGA->GAA,5080
GCT->AAT,506
TAG->ATG,2870
TAT->CTC,2983
ATT->CAA,2211
AGT->GTC,1631
AGA->TAA,1350
TGT->ACC,914
CCT->ACG,200
GTT->GTC,843
TTC->TCA,4726
CCC->GTC,322
TGG->CTG,734
GTG->AAC,2021
AGG->TAA,5158
AGT->CAG,4577
CAT->CAG,8911
CTT->GTC,1284
CGG->CAT,47
TGG->TGC,2405
TCC->TTG,5101
ATA->CGA,406
CGG->AGA,493
TTT->AGC,1382
AGG->ATT,4308
GCT->AAG,467
TGT->CGA,5997
GGC->ATC,2576
CCT->CCG,511
TCG->AGG,7188
CAC->AGG,951
CCC->ACC,1574
TAC->TGT,12174
NNN->GNN,2
CAC->TTC,5414
AAC->GGA,307
GGT->CTG,3141
CGA->TAG,128
CCA->CAT,974
CGT->CAA,338
TCA->GGA,7171
CCC->TAG,4786
CAT->GAT,985
TGT->GTT,1998
CAC->GCA,618
GTT->ATC,1426
GAG->CAT,415
CAC->GCT,625
TAC->GTA,373
TGA->GCA,5232
GAG->AGG,4520
GGT->GAA,1110
CCT->GCA,1033
GGG->CTA,264
TTG->CAG,799
ACC->ACT,2903
TCG->TGC,1063
AGG->CCT,1282
GGA->GCT,2753
CTC->GAG,775
TGA->TCT,1309
TTC->TAC,3379
GTA->GCC,1829
TAC->TTA,2675
GTC->GTC,448
CAC->TAA,4273
GGT->CAA,2215
CNN->ANN,3
GGA->TCA,958
TTT->GCT,2331
TGA->GTC,2401
AAA->GAT,3604
CTG->CAA,742
AGC->ACG,379
GGA->TGT,798
TTT->CAA,3688
GCC->ATA,1272
GCT->AAC,467
CCC->ATG,2386
GAA->CCC,1458
TGT->ACG,115
CTC->AAA,2854
GCG->CGC,56
TTT->AAG,774
CCC->GGC,121
TCT->AAA,1067
ATA->GAG,4853
GAG->ATC,2945
GTA->GTT,4009
CAA->CTT,654
GTC->TCA,1614
AAA->CCC,2078
AGC->GTC,326
GGC->ACG,596
CCC->ACG,354
TAA->TAT,1480
TAA->GAA,3074
ATT->CGC,4199
GGG->TCT,2476
TGC->GAC,337
GCT->GAC,209
TAG->AAT,1784
ATT->CGG,3833
CTA->TGA,834
TTA->CCT,1125
TAT->GAG,766
CGC->TCT,791
TTC->TCC,5581
ACA->GTC,6578
GAC->GAA,686
AGC->AAG,4617
GCT->CTA,1506
TTG->TTC,2893
TTG->ACC,2769
ACT->ACT,1033
TGC->GGA,318
ACC->TGA,7242
GGA->TAG,1300
CCA->CCC,1054
CAA->CCC,1927
CCC->ACT,2363
AGG->TAT,2917
CAG->CTA,499
AGG->AGC,2935
AGG->CAG,773
CAT->AGT,1596
CAC->GAA,824
ACT->CAT,3147
AGT->GTG,1682
CCT->GTT,900
CAT->GGG,894
TGT->CAG,4600
CCT->GAC,223
CTC->GCG,69
CGT->CGG,1088
TCA->GCT,6078
CAG->AGA,6438
AAC->TTG,8559
CCT->CGC,4107
CGT->ACC,167
AGC->GTG,575
CAT->GAC,469
TCT->ACA,1428
CGC->GCA,69
AGG->CCG,93
GAG->ATG,4503
CGC->ACG,39
GTT->CAT,1881
AAA->TAC,1932
CGA->GTA,420
TAA->TAG,1592
GTA->TGC,422
CTT->AGC,1313
TAG->ACT,2010
CCA->TGC,2103
AGA->GTC,3365
CCT->ATT,1562
AAA->GTT,4431
GTC->ACT,1784
TTC->AAA,3440
GCG->AAA,6698
CTC->AGC,578
ACG->TTA,1076
TAT->GGG,479
GCT->GTA,389
TGC->GGG,342
GCG->CGT,108
GCG->CAT,131
TAA->GGT,2533
AGG->TCA,4135
CCG->AGC,6905
ACC->TAT,3290
ACT->CCG,354
ATG->TGC,2285
ACC->ATC,2821
TCT->AGA,1552
TAT->CGC,5504
CCC->AGG,1094
CTC->AGG,998
CAA->TCG,352
TAT->AAT,800
AGC->GAA,656
CCT->CTA,1937
AGC->GGG,471
CCC->GCG,78
GTT->GCC,755
TCC->AGA,861
CCT->ATC,1435
ATT->CTC,2887
CAC->AAG,3528
AGA->CAG,1632
GCT->AGG,2065
GAA->TGC,1071
ATC->GTA,439
AGC->TCC,3167
ATG->CGC,227
TTC->GCC,524
ATT->CTT,2365
TCG->CTT,364
AAC->ACA,3157
TTT->GTA,2161
AAC->AAC,2547
CAT->AAC,625
TGT->GGT,1394
TGG->CTT,496
AGG->TCG,549
AAT->CTC,3726
AGT->CGC,3697
ATC->GAT,652
GCA->CCA,864
ACG->ATT,14495
TCA->TCA,2527
CAT->ATT,2559
GTT->GCA,904
TTG->ACT,2973
ACG->AGG,7449
ATG->TTT,3348
TGC->TCG,677
GTG->CTG,648
TTC->TGG,7762
GAT->GAT,1078
ATA->TAA,1161
CGC->GGC,19
CCG->AAG,10404
ACA->TAA,1531
TCG->ACA,6009
AGC->ACA,4003
ATA->TGA,900
CTT->AAC,605
ACA->GAT,5078
GTC->GAC,268
GCA->TGC,959
GGA->CAG,1441
CAT->AAT,1135
AAC->GAT,593
ACG->CCA,273
CTA->TCA,1060
CTA->TGG,779
GAT->GCT,1019
TTC->ACG,383
CAT->CTG,10851
GGG->ACA,4812
TCA->TTG,1803
AGT->ATG,2203
TTC->GCG,61
TTT->CCC,5789
CCC->TGA,7051
ACC->GCT,392
CAC->TAT,6643
GGT->CCT,3527
CCG->ACC,7966
GAG->TAC,2230
TAT->ACA,774
CTG->AAC,2408
GAA->TTT,1605
AAT->CAT,5900
GAC->AGG,998
ATC->GCC,350
AAA->GGC,3529
ATC->TAT,3426
CGC->ATC,239
CTC->GAC,448
AGG->CGA,320
TAC->ACC,1691
GTA->CAG,552
TGC->TTC,4694
CGA->CTT,66
GAT->CTA,1908
TAC->TCG,586
GTA->TCG,131
ACT->CGA,5575
TTA->TAC,743
TAA->GCA,3323
GCT->ACA,1351
GGG->AGA,4283
CAG->CAG,1391
CGG->AAC,200
TAT->ACC,474
ACT->CCC,2878
GGC->GTA,190
AGC->GGC,195
ATT->CAT,2874
ATC->GGC,204
CTG->AGA,5418
TCG->CCT,261
CAG->ACC,3821
TGT->CCT,5351
TTT->CGC,4434
GAC->ATG,1795
CTA->GGA,5126
CGG->CAG,85
TCC->TCT,5356
TGA->TGA,1357
AAG->CAA,1006
ATT->GCC,980
TGC->AAT,3360
TAA->TGT,1010
CTA->CAC,552
AAT->GCT,1052
GAT->CGC,4038
TCA->CGA,754
CGC->GGA,25
GAT->CCA,2771
ACC->AGC,910
TGT->CAT,4052
CTG->TGC,2608
GCT->ATG,1121
GGG->CCC,394
GGC->GCT,523
CAT->GTC,1038
GTA->CGT,383
TGA->CAT,1236
TCG->TTC,1122
GCT->GGG,630
CGG->TCT,426
TTC->GCA,696
TCC->AAG,2672
TGA->TCA,1324
AGG->ATA,4709
ATA->CCC,1012
CTA->GAA,4600
CCG->TAG,1044
GAC->GTA,246
TTC->TGA,6030
TTG->TGA,3363
GAC->TAG,6394
GCC->GCA,380
TTA->GCC,2210
TAA->GCT,2121
TTG->AAT,2238
TAA->CTT,842
ATC->TTC,3413
CTC->GCA,646
ATA->TTA,812
TCA->GGG,6123
GAG->TCT,2529
CTC->GTA,968
AGT->ACC,969
ACT->CAC,2671
GCT->CTT,3169
GCA->TTA,701
GGT->ACA,1269
TGT->ACA,1435
GAG->CAG,1351
GTC->GAA,243
GAT->ACA,1001
TTG->CGG,400
GCG->TAC,336
TGC->GCA,368
GTG->ATC,3141
AAG->AGG,4938
TGC->TAT,3856
GTT->AGT,765
GCT->GCA,915
TAC->GAC,316
CCT->GCT,989
CTG->CTT,1151
GGA->GGG,2671
GGN->AGG,1
GCA->GCT,3452
GAG->TAT,2760
CTA->GTC,5554
GGA->CCC,553
CTT->CCC,4409
GCC->GAA,313
GCG->ACC,5367
TTA->TCT,1391
TAT->ACT,918
TAG->TTG,1388
TTT->ATT,2384
GTA->GTC,2754
AAA->CGA,1006
AGC->AGG,1034
CTG->TGA,3033
TTC->TGC,6118
TGA->GCG,403
ACT->CAA,2879
TGT->CGT,6034
GTA->TAA,580
AAT->CGT,9002
ATG->CGG,244
GCA->GAC,2271
GAG->TGT,2749
GTG->ACG,392
TTG->AGT,2323
ACC->AGA,910
AGC->ATA,2682
GGA->GAT,4046
TTC->GTC,854
GGT->GTT,1727
CAG->AAA,7287
CCA->GAA,6814
CGA->GAC,139
ACA->TTG,1894
GGT->CCC,2118
TCG->TGG,801
TTA->CGA,455
GGT->ATC,1806
GCT->AGT,970
CAT->ACG,177
GCA->CAC,501
CCG->CTT,332
TCA->TCT,2952
TCT->CTG,4780
TTG->AGG,2709
CTC->TGA,5316
AGA->TGC,824
AAG->TGC,2455
GCG->ACG,2113
CCA->TCT,2809
TAT->CCT,3940
AGT->CGA,5852
TGA->GAC,2259
TCT->GAA,606
GGT->CGG,4911
ACA->CGA,817
CTC->TCC,4401
GTC->TAA,1647
TAG->TCT,2437
TAA->GGA,3098
CTT->ACT,1294
TGC->ATA,1903
