GCT->AAC,139
ACT->GGG,353
GGC->TCT,29386
CGT->ACG,15
ACG->AGT,6510
AAC->GAG,869
NNN->GNT,2
GCA->TAC,174
TTG->CGG,424
GGC->TTC,30311
TTG->TCA,688
GGC->TAG,36925
CAC->TTG,49227
GGC->AAG,1030
ATG->TTA,354
ACC->GCA,485
AGA->GGT,1326
GAA->CCG,41
ATC->TCC,23599
CCC->TAC,28030
TGG->TCG,163
AGC->TCC,27008
ATT->AAG,124
TCT->CAC,1042
CAC->TGA,8724
GAG->CTG,515
TGA->CCA,409
CTC->GAT,425
CTC->TTG,43733
CGG->TAC,77
GGG->CAC,299
CCT->CTG,1743
AAC->AGT,230
CAT->CAG,2503
CTG->CTT,917
AAT->CGA,2231
CCT->GGG,647
CAA->GTA,1394
CCG->CTT,311
GTA->TAC,78
AAA->TTT,592
GTA->TCC,126
CCC->TTT,27637
GGC->TCG,7461
CGC->ACG,51
GGA->CGG,699
AGG->CAA,694
GCT->AGG,582
TTA->TAG,222
GAA->GGT,1337
AGC->AGG,382
CCT->GGC,454
CGC->GCG,92
GCC->AAC,457
CAG->ATA,22212
AAC->TTG,26667
TCA->TAC,189
GTG->AGG,28075
AGG->TCG,208
TTT->AAT,238
GAC->TCG,3614
TCG->AGA,4430
GTT->GCC,267
TGA->CGC,366
AAA->CCT,926
GCG->CCT,172
AAC->GGC,203
TCC->ACA,997
AAT->AGA,443
CCG->ATT,7196
ACT->CCA,1301
AGC->GCC,524
AAC->GTC,390
ACG->CAG,310
CTG->AGT,25570
TTT->GCG,64
AGG->AAT,23248
CAT->ACG,91
ACC->AGC,257
GCG->ATT,6465
CTA->GGC,918
TCC->GTC,443
CCG->CTA,185
CAG->TCA,728
AAA->GCA,2015
CAA->TTC,300
ATT->CCA,836
GTA->CTC,157
CCC->GAC,490
GTT->ATG,218
GTA->GAA,788
GTC->GAC,235
GCC->ATA,232
GGC->TGT,9021
CCA->GGC,3790
TGG->CTC,427
GGG->TGG,785
TTG->CGA,326
ATA->GCA,1203
ACT->CTC,1393
AAA->CGT,347
GGC->GCC,411
CGT->AAA,40
GGG->CAA,485
TCT->GAA,233
ATC->ACA,657
CTC->TGA,6011
AAT->CTG,1940
CCT->CCT,2414
AGG->TGG,795
CGA->CCG,30
TTT->AAC,127
GTA->GCC,759
TCA->CGG,375
GAG->TGC,640
TAG->TCT,371
CAC->GTC,556
AGG->ATT,32232
ACC->ACA,874
CTC->ATT,467
AAA->GTG,1723
AAT->GGA,419
TTC->TGT,4952
CGA->GCT,248
ATA->TTG,275
CTC->GAA,561
CGG->ATA,2608
ACA->TAG,348
CCC->GAA,417
GGT->GAT,304
ATT->AAC,131
CAA->CGT,449
CGA->TCT,77
CCG->CCT,527
GGT->GTT,676
ATG->AAA,19907
TAA->GAC,394
ACG->CCG,83
CGT->GCG,23
CGA->CTG,57
TCA->GAC,748
TAG->TAA,275
GGA->GGT,1483
ACA->CTA,239
TTC->AGG,145
CAA->GAG,1576
AAC->GCA,432
GCG->AAA,4520
CGG->CAC,54
TGT->CAC,1092
CAA->GTT,1937
GAT->CGC,2011
AAA->CTA,313
AAG->ACC,23346
GTT->GAA,189
GGA->TAA,366
TGG->AGG,32807
ATG->CCA,347
TGG->CGG,819
TTC->GAC,287
CGC->GGG,135
AGA->TGG,510
GCA->CAG,334
AAG->TTG,447
CTC->TTC,32334
AAT->AGT,521
CAC->GCC,604
CTA->TAA,147
GAT->ATC,320
TGG->AAA,29853
ACT->CGT,2022
CAC->TTT,35773
AGG->ACG,9896
CCT->AAA,197
GAC->TTG,26090
AAC->AGC,192
CCG->ACC,13660
AAC->TAA,22862
TTG->AGG,20593
ACA->TCC,420
CTT->GAA,261
ACA->CTC,324
TGT->CTT,2062
TCC->GTG,504
ACT->GCA,348
AGT->AGA,649
AGG->TTG,805
CCG->TGT,260
TGC->TGT,6770
TAG->CAT,233
TTA->TTC,257
CCC->GGT,225
CTT->CGA,1838
TGT->GCA,378
ACA->CAC,312
CGC->TTC,5286
TCC->GGC,193
ACG->TCG,40
GGN->AGC,1
TGA->CGT,287
ACT->GGC,474
GTG->TGG,668
TAG->CGG,290
TGC->GTC,375
TAT->ACG,34
AAG->TGC,433
CCG->ACA,8336
CCC->AGC,467
CGA->TCG,17
TCC->AGC,269
ACA->CCC,485
CTA->GTT,1820
CGT->ATG,82
TGA->GAG,1205
CTG->CCG,142
CCG->TTG,329
GTG->CCT,345
GAT->CTA,583
GTT->GCG,69
AAT->GAC,190
ATG->CAC,231
TTG->ATC,17019
TAC->TGA,3953
CGA->CTT,62
ATT->ACT,371
AGT->CCT,1684
AAA->GGT,1273
CAC->ATA,196
GAT->CGA,1984
TTA->TAA,776
AGT->ATT,474
TAC->GAG,709
GAG->AAG,32465
GGT->GAC,266
ATG->TTG,568
ACC->GTT,388
CCA->GTA,1881
ACG->CAC,182
ATA->GGC,688
GAG->CCT,383
GTC->GGA,114
CAA->GCT,1527
TAA->CGC,145
ATC->ACT,486
ATA->CTG,271
GTC->GCA,273
TGG->ATG,36994
TGG->AAC,15261
TCC->TCG,7228
AGC->TAG,32147
AAA->TGG,466
CGC->TCG,2428
TCG->ATT,5668
GTG->AAT,19756
CTT->CGG,3197
CGG->AAC,2544
GAC->GCC,360
AAA->CTT,399
CAC->GAG,1272
ATT->GTC,339
CGT->ATT,60
CCT->CTA,638
GAA->TTT,347
CAA->CGC,354
ACG->TCC,372
TTG->CAT,392
CTA->CGG,227
CAA->GTG,3106
AGG->AGC,26822
CTC->GCA,816
AAC->GCT,455
TCT->CCG,380
CGT->CCC,461
CAC->AGC,355
TGC->ACG,130
GCA->GGC,2510
CNN->CNN,2
CCC->GTG,709
AGT->CCG,239
ATT->GGA,320
GAC->GAA,443
TCC->TGT,6529
CTT->CTA,627
GCA->CTG,470
CAT->ATA,206
CCA->GAC,1321
GGG->TTT,814
GGG->CGC,419
CTA->CGC,162
GTT->GTC,273
CAT->AGT,451
AGC->TTT,22961
CGG->TAA,85
CGC->TTA,1817
TGA->CGA,442
AAC->TAC,24475
AGC->AAT,498
TTG->ATA,15337
TGT->CTG,2165
GCA->GTC,2149
TGC->ACA,759
TGA->GCT,1478
AAC->TAG,30329
CAA->GTC,1726
CGG->TGT,173
TTG->TAG,555
GAA->TCC,304
GAC->TAA,16740
GGT->GTG,660
GCG->TTT,164
TAG->AGG,13628
AGG->CCC,516
ATG->AAC,12739
AAC->TCG,3357
TGT->CTA,1018
TAA->CTA,127
CGA->GGT,226
TGT->GTC,346
GCA->GTG,4402
ATC->AAC,299
GTC->TTG,21793
CGG->CAA,62
TTC->GTG,633
CTA->CAA,235
GGA->TGG,779
GGT->AAG,259
CAC->GCA,710
TTT->CTT,2149
AGT->GAT,257
AAA->TGT,451
GCG->CAA,159
TGG->ACT,31848
AAT->ATA,311
GAA->CGG,417
AAA->GCT,1342
TAA->GAG,643
AAA->TCT,480
ACG->CTA,178
CAT->AAT,259
CCC->TGG,15206
CTA->TCA,252
TGA->TTC,493
AGT->AGG,552
ACT->GCC,336
CTG->AGC,29023
AAA->GAA,2179
CTG->AGA,30570
AGA->CAA,701
GTG->ATT,24618
TAA->GAT,464
TGG->CAT,331
ACG->ACA,6534
AAG->AGA,33268
TGA->CTT,310
CGG->AGC,6654
GAC->ATA,246
TCA->CGC,328
GTA->TTA,151
GCG->ACT,6626
ACG->AAT,4143
GGN->AGG,2
GTC->GGG,337
AAC->TGA,5731
CCA->GAA,2020
AGC->TTG,36610
AGG->AGT,26702
TGC->TCC,31532
GGG->AGC,24808
AAG->CTG,571
TAG->AAA,17764
CCG->AGT,5601
ATC->GCA,328
AGG->ATC,28270
TTT->CGA,1765
TAT->CTT,1214
CAT->CGA,3083
TTC->TAA,19557
GCG->AAC,3969
TGT->GGT,682
GGT->AAT,353
TTC->GTA,419
ACA->GTT,2329
CTA->CCT,419
CCG->CGC,322
GAG->TCG,103
CTG->AAG,35587
CGT->CAT,144
CAC->TAG,44835
CTC->TAT,20641
AGG->CAC,310
TCA->TCG,99
AGT->GGC,426
AGC->AGT,253
GTA->CTG,173
ATA->TCG,36
ATA->GCC,778
GTC->AGT,111
GCT->CCC,1627
GGG->CTG,622
ATT->GAC,237
CAN->GCC,1
TTT->AGA,353
CGG->TTA,30
AGG->TTC,573
GTG->CCA,298
CGG->TGC,185
TAG->AGT,13418
GCG->CCG,86
TGC->ATG,681
GCA->TGC,396
GTA->CCT,193
TCC->TAT,20830
TAT->ACC,267
GGA->TAG,471
CAA->CAT,379
TAT->CCG,121
CGG->TCA,126
CNN->GNN,1
ACT->CTG,1357
ATG->TAT,353
GGC->ACG,205
TGG->ATC,22283
GTG->ATG,40318
CCA->TCT,586
GCC->AAG,571
ATG->CAG,425
ATT->ATC,232
AGA->TTT,502
GTC->AAC,231
TAT->GTT,306
CAT->GCG,84
TCG->ACG,1739
GGT->GCG,103
TCA->GTT,2235
GCT->GGT,311
AAC->ACC,780
TTG->CCT,585
ATT->CCT,1137
TGT->CAG,1829
CGT->AGA,88
ACT->AGC,467
TTT->ACT,463
GGG->CGT,405
CGC->GAT,47
CCA->TGC,499
GAC->GGG,448
GCA->CGA,433
CAA->CTA,135
GTC->TCC,20650
TCG->TGA,176
CAC->GAA,533
GAT->CTG,1703
AGT->GTA,250
GCA->CCT,413
CAG->CGG,666
AGC->GTA,307
GCG->AGC,8449
GAC->TAC,22892
ACG->TAG,173
ATA->CCC,283
ATC->AAG,343
TGC->AAC,535
CGG->CCC,128
ACT->CAC,693
ACA->GTG,3591
ATT->GTA,289
GGA->TGC,383
CTG->CAG,779
ACG->CAT,169
ACC->GGG,223
ACC->GTC,435
CTT->CAG,1205
AGT->AAT,196
AGG->CTG,708
NTA->CAC,1
TCT->ACG,105
TCC->ATG,745
CTA->CTA,203
AGT->GAG,379
ACC->TTC,36634
ACT->CGA,1865
CAT->GCA,396
AGA->TTG,624
GAG->TTT,377
AGT->CGG,3086
CGT->CAG,259
CTC->GGC,268
TAA->CAG,270
GTA->TAG,91
ACT->GCT,327
CCT->GGA,365
GCA->TTT,334
GCG->ATA,4338
CGC->GAG,115
ACA->CGT,332
CCA->TCC,847
TAA->TTT,322
GCA->CCA,419
CCG->TGG,523
ACG->AAA,4766
ATG->TCA,512
CTA->TGA,183
TTC->AGA,163
CTG->CAT,401
ACA->TGA,501
ACT->GCG,76
TGG->ACA,27053
TGG->CCG,85
AAT->ATC,271
GCA->CTA,202
ACT->CAA,631
TCG->TAA,167
CTG->TGG,1055
TCC->ATA,479
CCT->CAG,1635
GAG->TTC,321
ACA->TAA,438
TTG->TTT,1403
GGT->ACA,385
TCA->TAG,280
GCT->CGG,3830
GGA->GTA,788
GAT->AAC,152
ACC->GTA,225
AAA->CAG,480
TAT->GGA,186
TCG->TTT,207
AAA->GAG,1428
ACA->CGG,346
ATT->ACG,35
ATG->CGG,326
ACT->CCT,1295
ATT->CTT,1003
GCT->GTC,268
TCA->TGC,425
GGG->CTA,229
AAG->CAC,311
CGG->AGT,5928
CGC->TCT,10185
CGA->TCC,55
TCA->TGA,389
TAG->CGA,262
ATC->GGT,172
TTC->GAA,560
AGA->CTG,413
TGA->TCT,458
GGC->GGC,218
TGG->TAT,506
GCC->ACG,159
AAT->GAT,339
GGG->AAG,44627
GTA->CGG,164
ATT->ACC,354
TAT->AGA,226
GAA->GAG,1488
TTG->CCC,455
GAC->GGC,257
CTG->TCT,967
TTA->GAA,918
TAG->ATG,14746
CGG->TCC,251
GCT->CGC,2610
TCA->GCA,2268
CGA->GCG,87
CTT->CCG,189
AGG->CGT,491
TTA->CCG,57
ACG->CCT,323
GAC->TGG,11406
ATC->GCT,360
CAT->GTG,323
TTT->GGT,627
TGC->GCA,450
GGA->TTA,237
ATT->GGC,250
GTG->AGA,23320
AAC->AGG,241
GTC->TGA,2479
AAG->CAA,591
TGA->GAA,1451
CTA->GGG,1682
TGT->GCC,360
CGA->TAT,111
AAG->CCG,59
AAA->GGC,1611
GAG->AAT,24694
GCC->TTC,40550
TCT->GGT,375
TAG->CGC,191
TCG->CTC,297
TCG->TCT,386
GCA->CAA,310
AGT->ACT,447
GGT->GGA,457
TAC->TCT,23431
AAC->GCG,44
TAA->TCC,195
CAA->TGA,432
CTA->TTC,169
CCG->TTC,278
ATG->ACT,18465
CTC->GAC,493
GAA->CTG,294
GTT->CAG,564
CCG->AGA,6912
AGT->CAT,792
CAA->GAC,869
CGG->TAG,156
AGG->TTT,807
GCC->GAT,258
CGC->AAG,133
ATA->TGC,146
GAT->GGG,393
TCG->CTG,313
ACC->AAA,654
GCC->GGA,199
TCA->CGT,425
CCC->ATG,724
GAT->GCG,70
GCT->CAT,739
ATC->TAT,15292
GTT->GTG,500
TGG->CTG,741
GTG->ACC,21135
TGA->GTT,1025
GTG->CGC,273
CGG->ACT,6015
GTG->TTT,487
TGA->TAA,397
GCG->CTT,179
GAG->CAT,341
CTC->GTC,1227
CCA->CAT,338
GAA->TGT,343
AGT->CAA,869
CCG->CAT,140
TAG->CGT,219
GCC->GGG,372
CAT->GTT,400
AGT->AAC,170
TGA->CTA,180
AGT->ATA,292
TAA->CTC,158
ATA->GTG,1473
ACA->GCG,572
TAG->ACA,15175
CGC->GTC,84
ACC->AGT,327
CCC->ACG,228
ACT->GAA,206
CCC->TTG,39581
GTT->AAA,145
AAG->TCA,496
CTG->TAC,286
TCC->TCA,42893
GCG->TGG,468
TAT->CAC,928
CTA->GCC,1201
TTA->TCA,356
ATA->CTT,348
CCG->ACT,8002
CCA->TAA,278
GAG->ACG,5335
CGG->AAT,2912
ATC->TGG,3334
GAC->GTT,365
TAC->GGT,168
GGC->ATG,868
GGC->AGT,363
CTT->ATA,174
CAG->TGT,609
TGC->ATC,446
TAG->CCT,292
ACC->ATT,410
TGA->CTG,403
GGC->GGT,297
TTN->TAG,1
CCT->CGG,5265
TTA->CAC,218
TTG->TGA,679
TAT->ACT,328
CAC->AGG,267
ACC->ATA,284
GCG->AAT,6168
TTC->AAC,278
CTT->ATT,338
CAG->CTT,513
TCT->CAA,784
TAT->CGG,1948
GCT->AGC,393
TCG->CGA,99
GTG->ATA,16556
GAT->GTG,237
CTG->TAT,296
AAG->AAG,29895
TGG->TTC,512
GTG->CAT,260
GAA->TTA,270
CTA->CCC,404
GTA->GAT,731
AGG->TCC,833
TCA->TTG,499
GCA->GGT,2786
GGT->CGA,2316
TCT->GTG,341
CTT->CTG,1583
GTA->TGT,177
CTT->AGT,232
GCG->TAT,175
TAG->CAC,222
AGA->GTC,1112
CGG->CCA,99
ACG->TCT,261
GCT->GCG,69
ATA->CTC,239
AAT->GAG,364
TAC->AAG,432
CCA->CTA,170
CAG->TAT,404
ACA->CAT,344
AGT->CGA,2819
AGT->GCG,85
CGC->ATA,36
TTC->TCT,41119
GGC->GTC,384
AGC->TGG,8070
GCC->TTA,12111
TTG->CAA,560
GGA->TAC,208
GTT->AAT,89
ACT->CGG,1928
TCG->AGC,7719
TGC->AAT,491
TCC->TGG,7040
CAA->GGG,1535
TTT->GCA,552
GGT->ATA,219
AGC->ACC,835
ACA->CTG,455
GTT->ACT,229
AAA->CCC,686
GTG->CGG,502
ACA->CCT,500
AGA->CGT,355
TTA->CTA,208
ATA->TGA,184
CGG->ATG,7625
GCT->CCG,292
TGC->TCT,42188
CTT->CGT,1595
ACG->AGG,7603
ACG->TGC,329
AGA->TCA,540
GAG->CAC,389
CTT->GAG,212
ATT->CGC,1673
AGA->TAA,451
GAA->CGT,266
AAC->GGT,256
TCC->GGT,145
TGT->CCT,2690
TTA->TCT,353
TGA->GTA,814
TGT->CCG,284
TGT->AAG,232
ATT->CAA,558
TAG->AAG,16369
GAC->ATG,409
GGA->CAG,707
TCA->GGA,2227
TTC->ACA,700
CTG->TTG,712
ACC->GGT,185
GCG->TTC,240
ACA->TTC,376
CAT->CCC,1599
TCA->TCA,620
GCG->CGA,180
TGG->CTA,253
CGG->TCT,242
CAC->ACT,825
CGA->GTG,291
AGC->ATC,509
GTA->TAA,128
ACA->TCG,97
GGT->CTG,1706
GGT->CCG,284
CTA->GAG,1172
TAA->GGC,600
TAA->GGA,789
GCC->TTT,25039
CTT->GTG,506
TTG->CAC,248
AGC->GGG,491
TCA->CAG,375
GGA->GAT,1139
AAA->CCA,775
GTG->CAG,451
ACT->ATG,355
TAG->TCA,256
CAC->AGT,346
TGT->GGC,375
GAG->TCT,538
CCT->ACT,543
ACC->ACC,754
TTA->GTC,802
CTA->CTG,284
TAA->CGT,195
CAG->CCG,126
GGT->ATC,336
GTC->ATC,346
GCT->ACA,409
TAG->ACG,1952
ACT->CAT,749
GGG->AAT,23716
ACT->GAC,159
TTT->CCA,1415
TGA->TTG,484
AGG->CCG,148
GCC->TAT,18820
GAA->GGC,1914
GGT->CTT,1351
GGG->ATT,26987
ATT->AAA,257
CCT->GCG,159
GCA->TTA,184
TAA->GAA,834
TTT->GCC,544
CAT->CTA,703
TAT->GGG,173
CTA->CAC,222
TAA->TAA,299
TAG->TTC,212
GCC->GCT,401
CTC->AAA,609
GTA->TCT,152
TGA->CCT,539
ATC->GTT,295
TTG->TTC,516
GTG->CTT,333
GTT->ATT,297
AGC->ATA,424
AGC->GTT,361
GGA->CCT,511
TCG->AAC,2425
ACA->GCT,1941
TCT->CCT,2436
TAC->ATC,198
CTA->GCG,271
GCA->CTC,316
TCT->CAG,1468
GTC->ATA,138
CCG->ATC,11364
TGT->ATC,373
CCG->TCA,349
GCG->ACC,9770
AAT->CAC,993
CAC->ACG,155
TGA->GCA,1877
TTC->GTC,609
CCT->ATG,415
GCG->ACG,4074
CCT->GTA,181
CAG->CGT,543
ATA->TCT,224
CTC->ATA,272
GAT->GTC,246
GCC->TCT,26759
AAC->ACA,763
TTA->CTT,608
TAC->TTC,19551
AGA->CCG,94
CCA->CGA,369
GCG->TTA,103
GGG->ATG,38189
TTC->GGG,267
TTC->GCA,811
CGA->TCA,70
CGA->GCA,353
TGA->GGC,1908
AGA->TGA,656
CCG->CTC,426
GTA->TTC,188
AAC->TCA,24638
GAT->AGG,426
AAT->GCT,313
GGT->CCC,1448
CGC->GTT,62
CGT->ACC,74
GCG->CAC,89
GCT->ATA,138
GCG->TAA,99
GCG->CAG,258
CTT->GCG,96
AGG->CTC,413
TTA->TCG,40
GGA->GCA,2027
CTC->AGT,198
TTG->TCT,860
GCT->GCC,346
GTT->CGA,816
AAA->GCC,1357
ACC->TCT,26751
TAC->GGA,152
AAT->GGT,394
TCT->ATA,217
TGC->TTC,26308
GAT->AGT,381
TTA->CTC,363
TAG->CTC,226
TCG->CCC,254
CGG->ACA,4551
GTA->CCG,19
CCT->CGC,3660
NNN->GGA,4
GTA->GTG,1621
CTG->CCC,759
ATC->GCC,368
CTG->TGA,620
CAT->ACA,556
TGG->ATA,18876
TAG->TTA,179
TAT->CCC,773
TAA->CCT,250
TTA->TGA,265
CGA->TGC,62
TCG->TAG,182
ATT->AGG,187
GAT->GCT,313
TCA->GGG,2960
AAT->GTA,254
TGG->AAT,19044
GAG->AGT,36504
CAT->CAC,1814
CCA->GGT,1940
ATG->TGC,395
TAT->GAG,222
GAG->CTA,253
TAG->CCA,288
TCG->ATC,5316
GTC->GAG,502
CTA->TGC,130
TGC->AGG,345
AAG->TGT,452
GGT->CAG,1355
GTT->ATA,141
CGT->CGT,683
CCG->AGC,10909
ACC->GTG,456
CAG->CTG,930
CGC->TGG,4063
GAG->TCC,607
TAT->AGT,289
AAG->TAT,344
ATA->TAC,156
ATC->ATC,410
TCC->ACT,806
CGC->AGC,112
GTG->CAA,340
TGC->TAT,19224
TAT->GGC,206
GGC->GCT,577
TCT->ACT,634
GAG->CCG,62
CCC->ATC,667
TAA->TTG,198
GAG->CCA,390
CTT->AAA,226
CGC->ATC,119
TCC->GCC,398
GTA->CAT,204
ATT->AAT,135
AAC->TGT,7548
GAT->AAA,261
CTC->TAA,19308
TTA->CCT,358
GCG->TCG,118
CCT->CGA,3034
GTC->TCA,15075
AAA->GCG,371
AGC->GAG,733
GTT->GAT,156
GAC->TCC,23008
ATC->GGG,157
CAA->TCG,79
GCT->CTA,636
AAG->CCC,305
CGG->CGC,121
TAA->CTG,184
AAG->CAG,866
TGC->GCC,529
CAC->GTT,548
CAG->AGC,40853
ACG->AGC,5954
ATT->CAC,646
AGT->GTC,481
GTT->GAC,106
TGC->GCT,659
GTC->TGT,3142
TCT->GAT,191
GGG->ATC,22826
TTA->TTT,552
TCT->CAT,1027
GCA->GAG,1884
GTA->TCA,207
TCG->CAC,117
GGC->TCC,22987
TAC->GGG,179
ACA->GCA,3028
TTG->ACA,20878
GGA->TTC,328
TTA->CGA,234
CCC->GAT,295
ACA->CGC,360
ACC->TGC,7458
GTG->ACG,3998
TGT->ATA,270
GCC->GCC,349
CAA->GGT,1360
CTA->CTC,281
CAT->CGT,3539
CCG->CCG,117
ATA->GAG,1021
TTG->TGT,635
TGC->TAC,21513
TAT->GCG,32
TCA->TTC,569
GGG->CCC,422
AAT->AAT,349
TCG->TCA,288
AGT->CAC,684
GAA->GAT,983
TGG->ACC,26611
GCA->GAC,1054
TCG->CAA,245
ACG->TAA,149
GAG->TTG,436
CAG->TGA,735
TTA->CGG,192
AGC->TGA,6921
TTT->AGC,264
CTT->GGC,298
TTC->ATC,599
TCG->AGG,7398
CAA->TGT,410
CTA->CAT,269
AAT->CGC,2120
CCT->CCA,2059
ATC->GTG,416
GCC->TGA,7688
CCT->ACG,119
ACT->ATA,224
CAA->CCC,607
ACG->CTT,232
GAC->GGT,261
TAC->ATT,273
TTT->CTC,1518
GAC->ATC,390
TGT->GAA,351
TGC->GGC,255
TGC->AGA,288
TAA->GGG,680
CTC->ACG,169
ATT->CCC,1044
AGC->GGC,197
GCT->ATG,358
TAG->TCG,41
GTG->TCG,87
GAT->GAC,168
ATT->CTG,1154
TAC->TTT,21619
GCA->CCG,83
GAC->GCT,414
GGT->GGT,517
CTG->ATG,44954
GAC->GTC,317
GTG->TCC,440
CGC->GTA,35
GTC->AGA,66
ATA->GCG,143
CCT->ACA,496
ATG->CAA,423
TAT->GAC,84
TCA->TGG,458
TTG->AGC,16293
GAG->ATA,19872
ATG->TCC,462
GGG->AGG,22679
ATT->GCA,394
TTC->ATT,692
GTA->GTA,1066
TCT->GCG,96
CTA->CCG,51
GAC->AAT,340
TTG->TCC,656
GAA->GCG,280
ACG->ATA,5951
CGC->ACC,218
TAG->AGA,16318
TTC->GAT,367
CGC->TTG,6616
TAA->TCA,256
GTA->GTC,806
CCC->TCG,8131
TCT->AAA,304
CCG->CTG,440
TTT->ACG,55
TCT->AAT,185
GCT->GTT,250
GCC->GCA,411
TGC->TTG,40060
AAG->ATT,20947
GGT->CAC,738
AAG->TTT,431
AGT->CTG,1668
CGT->CGA,709
TTT->AGT,405
GTG->AAA,21984
GCG->TTG,358
GCA->GCC,2729
ATA->CGT,173
ATG->ATG,26894
TCG->CTA,284
TCA->GAT,1147
GCT->GCA,396
TTG->AGT,15698
TTA->GCC,738
GGA->CGA,474
CTG->AAC,18139
ACA->TGG,493
ATG->CTC,320
CAC->GGG,479
GGG->TAC,458
AGG->TGT,613
CGC->AGA,42
TAC->TAG,32540
ACA->TGT,421
GAA->CTA,177
AGC->ACA,1023
GGT->GTA,187
ATC->TCA,18972
GCT->GTG,374
CAA->CCA,511
TGG->ACG,5450
TAC->GTA,190
AGG->TAA,787
ACA->GGA,2458
GGA->TCC,284
GAC->ATT,300
GCG->TCC,354
TAT->ATT,399
CTA->CGA,213
CCG->TAA,149
TCC->GAC,246
CAT->GGC,488
AAG->AAC,22186
ATT->GAT,355
CTC->TGG,12433
GAA->GCC,1387
GCG->CGC,183
CGA->GGC,288
ATA->CTA,158
GAT->CAC,747
ATA->CAT,381
CGC->GAA,70
TTC->GTT,671
ATA->GTA,1147
GTC->TTA,9430
TCA->GTA,1483
TCA->CGA,306
GGG->TAT,574
GCT->CCT,1708
TCC->GAG,443
TGC->AGC,303
GGC->AAA,668
TTA->CCA,413
CCT->GAG,249
CTG->ATC,34163
TAC->GGC,100
AAG->AAA,35072
AGA->CCA,605
GAG->TAT,447
CAT->GGA,418
GTT->ATC,199
CGC->GCA,82
TAT->AAT,194
CTA->TCT,292
GGG->TTC,655
TGA->TTA,290
ATC->ATA,201
GCT->GAA,184
TTT->GGC,389
ACT->GAT,186
TCC->TAG,30346
CCT->CCC,2503
GAT->ACG,77
GTG->CTA,199
CGC->TAG,5902
GTT->CAT,444
CAA->CAC,518
GGT->CCA,1590
CAG->TAC,295
CAT->ACT,594
AGT->GTT,797
TTT->GTG,672
AAA->TTC,326
GGG->CCA,454
TCC->ACG,172
AAT->ACT,427
ACC->TAA,15840
GTC->TTT,22226
CAA->CTT,295
AAA->TAA,713
TCA->TTA,275
GAC->TAT,18902
AAT->GTC,249
CGT->AAC,18
AAC->GAC,324
CTC->ACA,754
CTC->TGC,7213
TCA->CCA,412
CTG->TCA,869
TCG->TTC,215
AGT->CCC,1329
ATG->CAT,360
CAG->AGA,45167
GTA->CCC,228
GGC->GAT,358
CGC->TGT,1883
TCC->GCA,533
TTT->GAG,259
ACC->TAC,23468
ACT->CAG,821
AGA->TCG,85
TAC->GCG,47
TTT->AGG,285
TGT->CGC,2961
TCC->TTT,33325
TAA->GCG,104
GCA->TAA,249
GCC->ACA,756
CAT->AAA,307
AGA->TTC,415
TTA->TAT,271
ATC->TGC,6068
CGC->GCT,123
GCG->AGA,8993
CCC->AGT,290
AGG->CCA,704
TTC->GGT,244
TAA->TAT,206
CCA->TCA,525
GAG->AGC,40425
CTG->TTA,468
CTC->GCC,756
AGA->CAT,359
ATA->CGA,344
CAC->GCG,116
NNN->GNG,3
GAA->TGC,257
GGA->TCT,366
CCG->TGA,279
TGA->GGG,2150
AAA->TCG,76
TGT->CCA,1889
GTA->TTG,218
AGG->CCT,1223
GGC->TGG,13583
TTA->CCC,257
TTA->TTG,336
CCG->CGA,276
CCC->TTA,13306
CTA->TTG,255
CTA->TGG,220
TCT->CGA,1990
AGA->GCC,1706
TCA->GTG,2962
TCG->CCG,93
AGG->ACC,29143
CGC->TAA,2290
ATG->TTC,313
CAA->TTT,311
GTC->ACG,53
ACT->CCC,1447
AAG->TAA,664
GGT->GAA,301
CCG->AAC,4285
GAT->AAT,221
GTA->CTT,163
GAA->TAC,224
CGA->CGG,197
GGA->TTT,426
AGT->GTG,537
CCA->CGC,585
CAC->GAC,626
GAA->TTG,509
CAT->CCA,1607
GAT->GAT,260
GCC->ATG,739
GTG->AGC,25581
ACC->TTG,35282
GAG->CAA,597
GTT->ACC,215
CGT->GCA,77
CCA->TTT,624
CAG->ATC,26466
CGC->AAA,57
TAC->GTC,225
AGT->GAA,339
GGA->TAT,316
GCC->AGG,386
AAC->GTT,451
CGC->TCC,8333
TAG->CTG,300
CTT->ACC,470
GAC->TTA,11894
GTC->AAT,254
TTG->CTA,399
TGT->AAT,276
CAC->GGT,401
TCG->CGT,128
CGG->ACC,7460
GTA->CAA,180
CAC->TGG,14149
GGG->TTA,338
AAC->GCC,327
ATG->TAC,235
TCT->CCA,2132
GCA->CGG,528
TCG->CTT,237
AAG->CTA,320
TGC->ACC,752
AGA->GGC,1773
AGC->TGC,6509
GAG->TAC,344
AAG->AGT,24853
GCT->CTG,1440
CTA->GTC,1376
CCT->CTC,2056
GTA->CAC,107
CAC->GTG,882
CAC->TGT,12134
GAA->GCA,1670
ACT->GGA,328
CCG->TCT,399
CAT->CTG,3096
CGT->GTG,88
TTC->AAT,451
GCT->AAA,178
CTG->ACG,5937
GAA->CTT,281
TGT->CGG,3197
TAT->GCC,194
GAA->CAA,464
GTT->GGC,225
AGG->CAT,396
TTC->ACT,660
CCA->GAG,3065
ACA->TGC,360
TAC->ACA,331
AGA->GAT,1083
AGG->ATA,23246
CCT->GTT,339
GGT->GGC,420
ATG->AAG,20646
ACT->AAA,268
TTG->CCG,60
GGA->TCG,87
TAT->CGT,1905
TTT->CTG,1723
AGC->TTC,26164
TTC->AAG,348
TGC->TGG,8558
TCA->CAC,215
CAA->CCT,543
GAT->CTT,893
GGN->CCC,2
CTC->ATG,581
TCA->GCC,2356
ATC->TAG,15878
CGG->CTG,139
GAA->GTA,897
CGT->CCT,524
ACC->AAG,587
AAC->TGC,6587
ATG->CTG,449
GCG->CCA,271
ATT->CGA,1130
ACG->CCA,288
GAA->CCC,407
GAA->CCT,435
CCT->AAC,190
CAG->CTC,475
CCC->TGC,11926
TCT->ATT,502
CAT->GCT,470
CGG->CGG,222
ACC->TGG,5882
AGG->AAG,47862
ATG->TGT,460
TAC->TCA,19030
TGA->GTG,1524
CTN->ACC,1
ATA->GCT,872
CGT->GGT,112
TCC->TGA,4315
GGG->CGG,603
TCG->ATA,3961
CTA->TTT,304
GGT->GCT,487
ACC->GAG,455
AGT->GCT,680
TAA->CCG,27
CTG->CTC,1272
TTA->GAG,745
GTA->TGC,147
AAT->AAA,580
GGA->GGC,1651
GCT->GCT,346
CGC->ACT,205
CAG->TTC,331
GAT->CCA,1058
CGC->GTG,116
CTC->AGA,166
CAC->AAG,716
TTT->CCG,165
TAC->AGA,132
ACA->CCG,118
ACG->ATT,7312
AAT->CGT,2202
AAG->TAG,468
CCA->TCG,86
CCA->TTA,209
AGC->AAA,842
CCC->ACC,788
AGT->CCA,1469
GAA->TGA,480
ACT->GTA,192
CCC->TAG,50004
CTC->AAG,576
CGT->CAA,137
TGG->CGC,408
GTT->CCG,111
AGG->AGA,37868
ACA->GAC,912
TGT->GTA,227
ACT->CGC,2459
CGG->CTC,54
AGT->CAG,1459
CCC->TCA,33021
TGC->AAG,850
CTG->TGT,563
GGT->CTC,1524
CGG->CTT,60
AAG->TGG,512
CTG->AAA,24813
GGC->TGC,9963
CCC->ACA,1023
CGG->AAA,3907
ACA->GAG,1518
GCT->ATC,266
CTG->TCC,1023
TGG->CTT,443
GTA->GGT,817
CCA->GTT,2722
ACC->AGA,262
TTG->TTG,706
TCG->AAT,3182
CCA->CAC,423
GTT->GGG,468
GGG->CCG,158
CGT->CGC,1263
ACT->CCG,289
ATT->CAT,649
TGG->TGC,716
TAA->TGG,182
TAC->AGC,116
AAA->TAT,415
AAT->GCG,60
GAG->CTT,389
AAG->ATG,36117
TAG->ACT,17844
GAC->AGT,226
TAC->GTG,332
CTC->TCG,6564
ATC->TTC,24722
AAG->CGT,296
ATG->AGG,20009
TGG->TCA,725
CCA->CCC,894
CCT->ATA,176
CAC->ACC,892
TAG->ACC,12211
GGA->CAT,357
ACC->ATC,593
CAA->CAG,471
TCC->TCC,30352
GAT->CTC,881
GCC->GGC,181
TAA->TGT,254
CAC->GGA,329
TGA->CAT,384
AAG->CCT,431
GGT->GAG,365
CAC->TGC,16563
CAC->TAA,20659
ATA->TTC,200
AAA->CGC,268
TAA->GGT,557
CCT->AAG,196
ATC->GGC,144
GAT->ACA,459
CGG->ATC,3590
CCC->AAA,802
TCT->GCC,413
GCC->GTA,173
TTG->AAA,19324
ACG->TAC,103
ATC->AGA,136
CAC->AAC,804
GTT->GGT,302
TGG->CAA,689
ATC->GTA,240
AAC->TCC,26767
TGA->GAT,774
TAC->TGC,4526
TAA->GCA,978
CTT->AAG,94
TCC->TCT,37759
AAC->AAA,1489
AAC->ACT,845
AAT->GTT,406
CGC->GGT,62
TGC->ATT,453
TGA->TAT,292
CAA->TGG,417
GAG->CAG,1173
CCT->CAT,918
CTT->GCA,579
AGC->TCG,6248
TCT->CTC,2031
TGT->AGC,419
ATC->TCG,3012
CAT->ATT,486
TTA->GTG,952
GAG->TGA,626
GAC->AGG,236
GAT->ATT,363
CGG->ATT,3484
TTT->GTT,1309
AGA->CTC,291
GGT->CAA,710
CCG->TAC,121
GCT->AGT,372
TCC->TTG,45888
CTC->GTG,1180
CTC->AGG,303
TAT->CAG,1758
TTC->TCC,33207
TGG->TCT,1081
TCT->CGG,2785
AGG->CGC,304
GTG->TAA,311
AAC->GTA,303
GGG->CGA,369
ACA->CCA,657
TCT->CTA,815
ATA->CAA,390
TCA->GAG,1812
GGA->CAA,579
CAA->TAC,254
CTG->ACT,32023
TAT->ATA,171
GAG->CGA,526
CGT->GAT,60
GTT->GTT,456
TGA->TGC,477
GGA->CCC,352
AAC->ATT,416
TCA->GTC,2150
CGA->TGA,113
AGG->ATG,45780
CGA->GAC,97
CGA->TAA,35
GTG->ACA,21918
CTA->TAG,100
TAT->AAA,270
GGT->ACT,405
TGT->GGA,450
ATG->CTT,374
CGC->GGC,76
GAT->GAG,395
TTC->TTA,17428
TTG->CAG,589
AGG->ACA,41710
CCA->GCA,3271
AAG->AGC,24525
TAT->GTC,200
GCC->AAT,354
AAA->TAG,468
ACA->GTC,1739
CGT->GTT,78
CTT->AAC,91
CAG->ATG,49443
TCG->CCA,302
TAT->CCA,816
CAG->CTA,275
TAC->AAC,211
TCT->GAC,151
ACA->GGC,2200
GCA->CCC,426
GAT->CCG,187
GTA->CGA,167
GTT->CGC,982
AGG->TCT,1156
AAA->TTA,397
GAT->GGA,339
TGG->TTT,705
ATG->CCT,359
GGG->TCA,764
ATG->CCC,352
TAC->AAA,527
TCT->GGG,371
AGC->GCG,132
ACA->TCT,493
ATC->TGT,4057
TGG->CCC,421
AAT->CAT,1287
TTA->TGC,182
TAA->CAC,190
CTG->CGG,771
CTC->ACT,912
TAA->GTG,706
CTC->GTT,847
CGA->GTC,172
TCT->GAG,166
ATT->CTC,974
TCN->ANN,1
CAG->AAA,36916
ACA->TTG,491
CTG->CTA,662
TCC->GCT,497
TCT->GTA,204
ACC->TGA,4596
TAT->GCT,239
AAG->ATA,21577
CGC->ATT,91
ACT->GGT,393
GGA->GCC,1315
ATT->ATG,398
CAC->TTA,14584
GGT->CCT,1866
CTC->GTA,643
AGT->GCA,487
GAC->GCG,82
GCA->TGA,514
GGT->CGC,2563
CCG->AAA,5199
GCC->ATT,430
TTG->TGG,856
TCG->AGT,4550
ACA->GAA,1777
TCG->TAC,83
GAT->GTA,143
TAG->TAT,191
AGG->TTA,324
GCC->TGT,5972
CGA->GTA,112
CGC->GGA,76
ACA->CAG,410
TTC->GGA,176
AAC->TAT,22245
AGC->TCA,31898
ACC->TTT,24554
GGT->AAA,204
ATT->GGG,273
AAG->ACA,30060
ATA->TCC,186
AAT->CGG,2942
GCT->GAC,110
CGA->TAG,67
CAC->TTC,31230
TTT->CCT,2323
TCG->TAT,139
TAA->TCT,287
TGG->CGA,565
GAC->GAG,1192
GGA->TTG,552
TCC->GTT,395
GAC->GAC,388
ATA->CCA,322
CTT->GCC,692
CGA->TGT,126
CGA->TTT,63
AAC->TTA,13198
TGT->GTG,514
CGT->GCT,75
TAG->CTA,195
AGT->ACC,356
TCC->GAA,412
GAG->AAA,35340
CCG->CAC,295
CAA->CCG,105
TCG->AAA,4703
ATC->GAA,411
GGC->GTT,342
TAC->AGG,139
TGA->CAC,339
TGC->GAG,827
NNN->AGA,1
AGA->TAC,242
GAC->GCA,437
GGG->TTG,1045
GGC->TAT,18940
ATC->TTA,10482
ATT->AGT,226
AAA->CTG,414
GGC->GCA,420
TCA->TAT,209
CCT->GTG,408
AAG->CGC,304
CAT->GCC,398
ACC->TCA,28453
TCG->ATG,8649
ACT->AGG,336
CCC->AAC,679
ATC->AGG,99
TGA->GCG,286
TCG->CAG,261
GTC->GAT,245
CAA->TAA,395
AGT->ATG,516
CTT->CCT,2009
AGA->CCC,487
AGT->CGC,2421
ATA->CAG,191
GGA->CTT,270
GAA->TTC,273
CAG->AAC,21655
GCC->AGA,334
ATA->TAA,238
ACC->ACG,186
TGC->GCG,71
CTT->AGA,317
ACG->ACG,1723
CAG->TTG,568
CCT->CGT,2873
CCG->TAT,113
CCA->TTG,458
ATC->TTT,20645
AAT->AAC,244
CCT->AGT,472
TAC->TTA,11294
TTG->CCA,600
TGA->CCC,363
ATG->TGG,476
TTC->TTC,35381
TAT->GAA,238
CAG->CAG,1172
GTC->TCG,2499
TTA->CAT,300
GGT->GCC,318
ACA->TTT,437
GCC->TCG,6582
TGA->TAG,354
CAT->AGG,429
CTT->CTC,1531
CCG->TGC,411
GCT->CAG,954
GTC->TAG,18049
ATA->CGG,167
TAG->CAG,615
ACG->TTA,150
GCA->TGT,482
GAA->GTC,973
TGA->CAA,598
GTT->CCC,948
GGT->AGA,447
TCC->AGG,276
CTT->ACG,51
GGC->AGC,326
ATG->ACA,18996
CTC->TCT,48548
ACC->GCC,362
ATA->TAG,101
ATG->TAG,401
AGT->AGT,501
CAC->TCA,36745
TTG->TCG,63
AAC->TTC,25791
GAC->AAC,308
ATA->GAC,494
ATG->AGA,20770
GGC->TGA,5747
GCA->TTG,398
TAC->GCT,315
GTA->GGG,1198
CCT->CCG,468
CAT->CGC,4303
TGA->GGA,1999
TGC->TTT,30500
CTC->TCC,44121
CTT->GTC,451
GGA->GCG,446
TGT->ATT,546
TGC->TCA,27087
CTT->CCC,2140
CGT->CAC,172
GAA->CAT,280
CAA->TTG,403
AGC->GAC,320
ACC->GAA,378
TCA->CAA,429
ACT->GTT,330
CTG->ATA,32189
AAG->CAT,355
CAA->TCA,481
CAA->TCT,495
AGA->TAG,403
GGC->GTA,209
GAG->ACC,30196
TAT->GCA,184
GCC->ACT,650
TAT->CAT,1107
AGA->TTA,346
CCA->GGG,5267
CCC->TGA,7143
ATA->GGG,891
TTT->ATT,678
AAA->TGA,540
GTC->GTG,562
TGT->CAA,1240
TGT->AGA,627
GCT->AAT,148
ATC->GGA,224
GGC->TAC,20940
TTA->GGA,857
ACG->ATC,6996
GAA->GTG,1639
GCC->TCC,24946
ACG->AGA,6424
AAG->AGG,27540
CGA->CGC,75
TAT->AAC,114
GCA->CAC,226
CCT->CAA,800
TTC->TTG,36919
TTC->TGA,4657
CCT->AGA,396
AAT->AGG,554
TTG->AAG,18890
ACT->AGT,385
ATA->TTA,172
CGA->CAA,51
ATC->TAC,19810
GTT->CTA,385
NNN->CNN,5
ACG->AAG,5842
GAT->AGC,306
CTT->AGG,284
GGG->TAA,609
GGG->TAG,1047
AGA->GTA,985
ACC->GCG,98
GGA->TGT,463
TCG->CCT,282
CCA->TGA,474
GTG->CTC,395
CTA->GAC,616
GCT->CGA,3074
GCC->TTG,40906
ATG->ACG,2557
TAG->AAT,10830
TAT->AGC,235
AAC->GAA,693
TAG->AGC,12117
ATC->TCT,23332
GCT->CAA,636
ATG->TTT,533
TGC->TGA,4619
GTG->TTG,824
GTA->GCG,181
ATT->CGT,1193
GGT->CAT,830
CAA->GAA,1633
CTG->TAG,597
CGT->CTA,126
CTT->GGT,388
GGA->CGC,329
TCT->GTC,321
CGC->ATG,104
GCG->TAC,102
CGC->AGG,140
ACG->CAA,255
TTG->TGC,465
CAG->AGG,39432
GGT->GCA,468
CCC->GGG,580
AAT->CCC,1142
GAG->TGG,686
AGA->TGC,340
CCA->CTG,459
TAG->ATT,13127
CGA->CGT,80
AAC->TCT,32370
AAA->CGA,388
TGG->TGG,1101
TAA->TGA,258
CGT->AAG,40
TGC->TCG,4649
TCC->ACC,676
TTT->CGC,1524
GTA->CGT,142
AAA->TTG,493
CTG->CAA,567
TAG->AAC,9591
TCA->CCG,96
GCA->TCG,86
CCT->GGT,365
TAT->ACA,318
CGC->GCC,179
CTA->CAG,271
TCA->TCT,593
CCT->ATC,427
TGT->GAG,373
TAG->TAG,270
GGG->AAC,20761
TTT->GTC,471
CTC->GGT,329
GGT->AAC,158
GAC->AGC,185
CGT->ATA,26
TAA->GCC,630
CCT->GAA,202
AGA->GGG,2274
ATC->ACC,564
GGG->TCT,798
AAT->ACC,446
CGT->GGC,73
TTT->AAG,143
GTT->CAC,430
GAG->AGA,34704
CCA->GCG,1024
GGC->AGA,287
GGA->GCT,1445
GTT->GCT,301
GTT->CTG,959
GGA->GAA,1998
ATA->GGA,1146
TCT->CTG,1855
ACG->TTG,330
ACC->AAC,477
TTA->CAA,344
ACC->AGG,254
TTA->GGT,648
AGA->CGC,365
GTA->CTA,106
ACG->AAC,3042
GGC->GAG,860
AGA->GTT,1109
CGA->CCC,109
GGA->GGG,2579
CTA->GTG,2364
CCA->GGA,2730
GAC->TTT,21305
AGA->CTA,230
AAA->CAA,1379
GTT->AAC,106
GAT->GGT,310
CAC->GGC,469
GGG->TCG,175
CTT->AAT,105
GGT->AGC,362
GCA->GGG,3624
GAG->TAG,617
CTG->TCG,155
TGC->GAT,349
CAG->ACC,46195
GCT->ACT,382
CGA->TTG,72
TCG->ACT,7029
GAC->ACA,514
TTT->GCT,694
AAT->GGG,431
GCG->TCA,296
CGA->GTT,161
TGA->CGG,602
GAC->TCT,28747
TTT->GAC,191
AGC->GTG,638
TAC->ACT,366
ACT->ACT,499
ATC->ACG,89
CGT->ACA,54
GTC->TTC,26235
TCT->AGA,409
ACA->CAA,650
AAG->TAC,257
TGG->ATT,24820
GGG->ACC,22720
TTG->CGT,324
GGA->CTA,213
GGG->CTC,387
AGA->CGG,471
GAA->TCT,474
GCC->GCG,126
TGG->AAG,32741
TCG->ACC,5776
GTG->TGA,386
GTG->CCC,321
GTG->TCA,508
CTC->GCG,114
AGC->GCA,650
CGG->CGA,108
GTT->CGG,1334
ATG->AGT,21248
GGC->GAC,329
CTG->CGT,446
CAT->CTC,1571
GGT->AGG,701
GGC->GTG,658
TAC->TAT,15903
GCC->TAG,29040
CGT->GTC,52
TTT->GAA,409
TTA->GTA,1055
CCA->TAT,176
ATA->GGT,791
GCT->GGC,346
TGT->ACC,388
AAT->ATG,345
CTA->GCA,1890
ACG->ACC,9017
TAG->CCG,28
GTT->AGC,191
ACG->ATG,12198
GAA->TCA,391
CGT->CCA,355
GAA->GAA,1511
TAT->CTC,893
CGT->GAG,47
GCC->TAC,25372
GAG->CGG,579
TCC->ATC,565
GAT->ACT,420
CAG->TGG,763
CGA->CAC,46
TTT->GTA,452
ATG->ACC,18909
GTG->TCT,520
ACC->ACT,761
CAG->CAC,531
TGT->CGA,2335
GTC->AAA,239
GGA->CTG,414
CCG->CGG,585
GTT->ACA,290
GTC->GCG,51
GCG->TAG,151
CAA->TCC,479
AAA->GTA,1238
GCC->AGC,284
TTC->ACC,614
GAA->TAG,246
GTG->CGA,266
GTT->AGG,202
AGC->GCT,1145
TCT->ACA,649
CCA->GTC,3248
ACC->TTA,13713
AGT->GCC,442
ATA->CCG,32
CCA->GTG,4478
GGA->GAC,938
TTA->TCC,209
ACA->CTT,382
TCA->TGT,428
ACG->TGG,296
TTA->GCG,84
GGT->GTC,407
ACT->CTA,505
CGG->TGG,229
TTG->ACT,20138
AAA->GGG,1924
GGC->ACC,658
TCT->ATC,434
ACG->CTG,435
GGG->TGC,610
TGT->AAC,201
CTG->ATT,30749
GGC->GAA,454
AAT->CAA,1263
ATC->GAC,250
GGA->TGA,606
CAC->ATG,561
CGA->GGA,392
TTC->ACG,77
TAT->AAG,149
AAT->GCC,275
CTC->AAT,395
AAG->TCG,91
GGC->GGG,651
ACT->AGA,374
CAG->AGT,35966
CAG->ATT,26636
CAT->AGC,379
ATT->ATT,415
GAT->GCA,257
CAG->TTT,440
GCG->CCC,272
AGG->CGG,716
GAT->CAT,861
CAC->ATT,429
TCA->CCC,409
CGG->CAT,48
GAT->CGT,1895
CCA->CAG,562
ATT->CTA,565
GTC->ACT,405
CCA->CCT,628
TTA->TAC,169
ATA->TGG,197
CAT->ACC,514
TGG->CAG,718
GGA->GTG,1565
TTA->GGG,859
TGT->AGT,673
TCG->CAT,137
AGC->AAC,528
CAG->ACG,6751
AAC->AAT,489
TAA->GTT,662
GGC->ACT,790
CTT->GTT,449
TCA->CTA,227
GGA->CTC,282
CCA->TAC,200
TAA->TAG,173
ATT->ACA,317
CTG->ACC,37090
CCA->TGT,431
TCT->GCT,500
TCC->AAT,483
GGC->TAA,15638
CCC->GAG,771
CTA->TAT,126
AAG->ATC,21089
AAC->GGG,314
GCT->AAG,128
GAG->AAC,25872
CTC->AAC,465
GAT->CAG,1525
ACC->TCC,24604
AAG->TCC,390
CTG->ACA,38959
AAA->GTT,1089
TCC->TAC,23090
CCT->GTC,378
CAT->AAG,277
CGC->TGA,1801
AGG->TAG,899
CCC->TAA,20511
CAA->CTG,353
CTT->GCT,630
AGT->CTT,1287
AGA->GAA,2401
GAC->ACT,681
ACA->TAC,190
GGG->ACT,27035
CTA->TAC,112
CTC->GCT,843
TCT->CTT,2212
CGC->TAT,2595
CAT->GAG,321
CAG->ACA,40096
ATG->TAA,437
CGG->TCG,59
CGC->TTT,5165
AGT->CTC,1321
CGT->ACT,75
TGT->GAC,182
TCC->TTC,35129
GAG->ACT,26193
TAG->TCC,286
CCA->GAT,1064
TGG->TAA,744
GTG->ACT,22967
AAT->CTC,1041
TAC->ACG,45
ATC->TGA,3066
AGC->ACG,208
AGA->GGA,2445
ATT->GCC,296
GAC->AAA,481
TGT->CCC,2082
GGA->CAC,251
AAA->TCA,583
AAC->TTT,20993
CTT->CAC,1095
GTC->TCT,20654
CGG->AAG,6472
AGT->ACA,478
CCC->GCA,841
GCA->GCA,2943
CCG->AAT,3291
GGT->CGG,4345
GCT->ACC,350
GGC->AGG,634
ACT->AAG,152
CGC->ACA,137
CTG->AGG,50023
TCN->TNN,2
GCC->TCA,27670
GAT->CAA,687
TTT->CAT,1123
CTT->CGC,1939
AAT->ATT,620
CCA->GCT,2899
CAT->GTC,328
AGT->AAG,315
CTC->ACC,964
CGT->AAT,31
ATC->GAG,383
ATG->CTA,242
TTT->ATG,368
GGC->TTT,23004
GCC->AAA,520
AAG->AAT,21060
TCC->GCG,136
TAC->AGT,146
CTA->GGA,1264
GCT->CGT,2000
TGG->TGT,899
AGA->GTG,2003
CCA->CCG,164
TCT->ACC,540
GTG->AGT,23995
GGT->CGT,2387
CAG->TAG,641
AGA->GAG,2020
GCA->CGT,436
TGC->GTG,692
GGC->ATC,574
CCG->ACG,3989
TTG->TAA,430
GCC->GAA,269
TAC->GTT,289
CAG->CCT,687
TCA->GCG,732
GTC->ATG,300
GTC->TGC,3929
CCG->ATG,14364
AGG->CTA,330
CTT->ATG,362
TAT->GTG,161
GGG->CTT,394
TGT->GCG,75
CAC->TCT,45638
CCC->GCC,640
TTT->CAG,1129
GCC->TAA,16409
GAC->TCA,22359
TGG->AGC,27833
GAC->TTC,21474
GAT->CCT,1069
TGT->CAT,1231
CCG->TTT,250
GAG->CCC,363
GGC->AAT,456
TCA->TAA,353
TTG->CTG,624
CTT->GAT,206
GTG->CGT,285
TAC->GAC,181
GCT->CTC,2061
TGG->TCC,831
CAA->CGA,385
GCT->ATT,330
AGT->GGT,493
ACT->AAC,171
GGG->AAA,33057
AGG->TGC,596
GCC->ATC,633
CCT->AGC,577
CAG->CAT,449
TAG->CAA,400
ACT->ACG,112
AGC->GGA,282
CAG->ACT,36609
AAA->GAC,808
ATG->CGT,309
AAG->TCT,444
CTT->ATC,275
AGC->GTC,381
ATG->TCG,64
CCC->ATT,529
TTC->GAG,527
TTT->AAA,772
GAA->CGA,393
TCG->TCG,69
CGC->TGC,4123
AGC->AAG,882
TCC->ATT,516
CGG->TTT,89
TAG->CCC,165
AGC->AGC,265
TAT->CTA,581
TAT->CGC,1489
AGG->AGG,31221
GGC->ATT,422
NNN->GNN,4
CAC->TCC,37754
ACC->TAG,25529
ACA->GTA,2013
AAC->AGA,264
TTA->GTT,1286
TTC->GCC,550
ACC->TCG,5894
CAA->TGC,349
AAT->ACA,565
AAT->GCA,344
ACG->TTT,284
AAG->TTA,248
GGT->ATG,523
TTG->TAC,239
CTC->ATC,630
TTG->AAT,11132
GTG->CCG,44
GCC->ACC,732
GCG->AGT,7701
AAT->CCA,1064
GCC->TGG,11101
GAA->GCT,1324
ATG->TGA,525
TAG->TTG,203
AGC->ATG,752
ATC->TTG,23212
AAA->CGG,303
GCC->GTC,470
TCG->AAG,6239
AGA->TCT,465
CAA->GAT,1087
TGA->CTC,293
TGC->GAA,681
TTT->ATA,280
GCT->GGA,333
NNN->TTA,1
GGT->CTA,606
ATT->GGT,326
CGC->GAC,54
AGG->TGA,767
CTC->TAG,35376
GCC->GGT,210
TAC->TGT,5908
GTC->AGG,142
ACG->TGA,294
TCC->GTA,254
TTC->AGC,113
GGC->AAC,418
GCA->TGG,597
GAA->CCA,366
AAC->AAG,552
GTT->AGA,219
ACA->TCA,696
TTT->ACA,367
CCT->GCC,732
GAT->GGC,329
TCC->TGC,9109
GCG->ATC,7733
CAT->CTT,1625
AGT->ATC,384
TAC->TAC,16391
GAG->CTC,288
GAG->TAA,575
CGA->CCA,55
CAA->CAA,674
TGG->TAC,385
TCT->GCA,438
GTA->GGA,1224
AGG->CAG,807
AGC->TAA,19879
CTG->TGC,502
GTG->ATC,22965
GTC->AAG,306
GTG->CAC,217
TAT->GGT,261
AGA->CTT,343
GAT->GAA,362
CCA->CTC,363
GTN->GTC,1
TCG->TTG,261
GGC->TTG,46810
GCC->AGT,308
GCT->GAG,133
GAG->ATC,21384
GTC->TAC,16006
CTC->GAG,837
GCT->GGG,581
CGA->TTC,69
GTT->CCA,781
ATA->TTT,353
NNN->TNN,5
CCC->TGT,7471
ACG->TGT,287
CGA->CTC,50
CTG->CGC,395
TTG->CTC,518
CCC->AGA,268
CGT->CTT,309
ATC->AAT,410
TTT->CTA,803
CGA->GCC,322
CGG->AGG,8037
GAC->GTG,455
TCT->GTT,459
CAA->GCG,341
CCT->ATT,461
TAG->TGC,233
TGT->GGG,615
CNN->ANN,5
NNN->ATA,1
TTT->ATC,385
GGG->ACA,31597
ATG->CCG,41
GTC->GCC,305
TTA->CTG,353
GTA->GCA,1133
ATC->GAT,390
ACC->GCT,496
AGG->AAC,20486
CGC->AAT,71
TAC->GAA,418
AAT->CCT,1115
GCG->AGG,11984
AAA->CAT,484
AAG->CGG,428
CTA->GTA,1756
CCA->CCA,645
GAT->AGA,576
CCG->ATA,5493
ACT->ACC,446
ATT->CAG,750
TAG->ATC,11830
CCG->TCC,631
CCC->ATA,289
AAA->GTC,950
TGA->TCC,380
GCG->TGT,230
GCT->CCA,1959
TGA->TCG,64
AGA->CAG,630
NNN->ANN,8
GGT->ACG,65
TCA->CTT,370
TGC->AAA,661
GAC->ACG,63
CAT->GAT,260
ACT->ATC,348
CCA->CTT,436
CTA->TCC,262
GAT->ACC,326
TGG->CGT,462
GTA->GAC,509
TTA->GAC,366
GCA->TCA,450
CAG->TCT,739
ATT->GCG,68
GAG->ATT,26084
GCA->GTT,2123
GTA->TTT,238
AAG->TGA,637
CTA->CGT,152
CAT->GGT,414
TCT->GGA,288
GCA->GCT,2155
CAT->GGG,396
CGG->CCG,48
TTG->ACG,2240
TTC->GCT,601
GTG->TGC,431
CTC->TGT,5811
GCC->GAC,265
CGG->TTG,158
ACC->TAT,21560
TAC->TGG,5662
GAG->TCA,488
AAC->ACG,65
CTC->TTA,16523
GCA->TAT,225
GGA->GAG,2107
ACA->GGG,2673
TGT->ACT,521
TAA->GCT,658
GTT->AAG,97
TCG->CGC,185
CCT->CTT,1854
ACA->TAT,231
GCT->CAC,977
ATT->AGA,260
TAA->CCC,248
ATA->CGC,151
GTT->GTA,180
CTA->CTT,318
CAN->ACT,1
CCC->GCG,177
GAT->GCC,321
AAA->GGA,2273
AGA->CGA,536
TTC->TCG,3732
TCA->CAT,284
CCC->AGG,529
CGA->CTA,42
TGA->TGG,518
CAC->AGA,252
TGA->GAC,777
TTC->TGC,4529
CAG->CCA,688
GCG->TCT,304
CCC->TAT,20202
CTT->GAC,173
GTC->GGT,160
CCG->AAG,12393
AAT->CTA,616
TCA->GGC,2865
GGG->AGA,30387
GGG->CCT,682
CCC->ACT,828
AAT->CAG,1829
AAT->CCG,152
TAC->ATG,228
GGG->CAG,828
TAC->TAA,15396
GGG->TCC,613
TCT->CGT,2502
AAA->CCG,102
GGC->GCG,117
TGG->CCA,397
TAC->TCC,17805
CGT->GAC,19
GAC->TGA,5514
CAT->CCT,1921
TCA->GCT,2926
GCA->GAT,1586
ACA->TTA,266
GCA->CAT,258
CCC->GCT,775
GAA->TAT,285
GGA->GTT,1170
CAA->TAT,312
GTC->GAA,281
GTG->TAG,482
AAG->ACT,23109
CCA->CAA,623
TAA->CAA,405
CAA->GCC,1740
GTG->TGT,460
GCG->ATG,16592
CCC->GGA,251
TAC->GCA,292
CCT->AAT,154
GCA->CGC,388
GAG->AGG,33661
GTC->GGC,126
TTA->TGT,247
TCG->TGT,240
AGC->TAT,18593
CAT->AAC,247
GAC->GGA,293
CGA->CAG,85
GCC->GAG,418
TGG->TAG,804
TCC->GGA,112
AGC->GGT,289
GGG->TGA,756
GAC->TGC,7723
CCA->TAG,314
GAG->CGC,506
TTT->GGA,425
AGC->GAA,523
TGT->ACG,66
ACG->CGT,176
CGG->CGT,122
GTC->GCT,295
CAG->AAT,23104
TCG->CGG,283
CAG->TGC,722
TAA->CAT,280
GAG->TGT,557
CCC->AAG,1018
CCC->GTT,442
TCG->TGC,329
CAC->TCG,7701
CGT->GAA,46
GCG->CTA,133
AAC->AAC,473
AGG->AAA,41006
TCG->TTA,125
AGT->GGA,543
TAT->ATG,212
CGT->AGG,108
GAC->GAT,279
CGA->GAA,164
GGT->GGG,925
CTC->GGA,247
TTC->GCG,68
TTT->GGG,581
GAT->ATA,196
GGT->ATT,395
TGC->TAA,20800
CTT->GTA,290
CAT->GAA,283
TCA->CTG,465
TTG->AGA,16506
ATT->GTT,458
TGG->TTA,337
AAT->GTG,312
CGT->GTA,32
GAT->CGG,3351
TCA->GAA,2080
ATT->GTG,430
CTA->GAA,1036
ACC->TGT,6489
CAG->CGA,517
AGC->ACT,1194
CAG->AAG,44083
CTG->TAA,421
CTT->GGG,574
CGC->AAC,109
TGA->GGT,1215
CGA->GAG,207
CTA->TTA,130
TGG->TGA,992
GTT->CGT,922
GGA->CCA,354
GTG->AAC,16369
AGA->TAT,332
GTC->ACA,326
GAA->CTC,232
CAC->AAT,507
ATA->CAC,150
GTT->CCT,1051
AGC->TGT,5655
CAT->ATC,372
CCG->AGG,15078
CAC->TAT,26801
ATG->AGC,18507
GAC->TAG,34040
GTT->GAG,234
ACG->CGC,194
AAT->ACG,100
TAA->GTC,555
TGG->CCT,658
GTC->ACC,439
TTT->CGG,1999
GTA->TAT,141
TCC->GAT,362
GGG->AGT,24610
GCG->TGA,272
TTT->ACC,414
AAT->GAA,578
CGG->TGA,189
CTC->TAC,30822
AAA->TCC,379
CTG->CCT,737
CCG->CAA,298
TGC->AGT,261
AGG->TAT,528
CTA->TCG,40
CTT->AGC,235
AAA->TAC,246
CCC->GTA,261
CAA->GCA,2212
TTA->GCT,869
TAA->TAC,157
GCG->TGC,270
AGA->GAC,965
GAA->TAA,363
GTA->GTT,1010
CTT->GGA,439
CGC->AGT,59
GCG->CGG,395
CCC->AAT,414
GGG->ATA,17739
CGA->GAT,152
AGT->AAA,477
ATC->ATG,410
GGA->GGA,2165
AGC->AGA,385
TGC->GGT,340
TGA->TCA,460
CGG->TAT,75
ACT->AAT,205
TCT->AGG,461
ACC->GGC,160
CTG->TTT,620
ACC->AAT,450
TCC->AGA,186
AAC->ATG,451
ACT->CTT,1301
CTC->AGC,172
CGC->TCA,5435
ATT->ATA,235
TGA->GTC,997
ATT->GAA,309
TGC->ACT,1005
TTC->ATA,248
ACC->GAC,312
TGC->TTA,15138
CTA->GAT,734
ATA->GAA,1108
ACT->ATT,398
GTG->AAG,30929
GAC->TGT,6697
AAC->GTG,579
GTA->GCT,743
TTC->TAG,24863
CCA->TGG,668
GCG->CGT,168
ATT->CCG,119
ATT->GAG,270
TGT->CGT,3019
TCT->CCC,2251
TGG->TTG,768
AAA->GAT,992
ACA->CGA,396
TGA->TGT,505
CGG->ACG,2418
CTC->TCA,32542
TTC->GGC,185
ATC->TAA,10598
CGT->CTG,342
AGT->AGC,386
ATG->CGC,265
TCG->TCC,322
CAG->CAA,669
GGG->ACG,8159
CAT->GAC,152
CGG->CAG,157
TGT->GCT,592
AGG->CGA,453
AGC->TTA,17904
CCG->CCA,466
TGC->GTT,388
ATC->AGC,187
TAC->ACC,352
GTC->TGG,4082
GAA->CAC,257
ATA->GTC,885
AGG->ACT,35706
TTC->TAC,22124
TGC->TGC,7255
CGA->TTA,33
GAT->GTT,285
CTA->TGT,168
TAG->TGA,334
CTG->CAC,409
ATA->GAT,630
CGG->TTC,73
CCC->TCC,22660
GTA->TCG,20
AGG->CTT,432
TGG->AGA,42754
TCA->TTT,457
ACG->CTC,230
TCT->AGC,488
TTG->TAT,343
TCA->CTC,384
GCT->ACG,51
AGT->GAC,199
CTT->ACA,344
AAT->AGC,326
TCC->TTA,16441
AGC->TAC,22758
CTG->TTC,609
TGC->GTA,293
AAC->ATA,228
TGA->GCC,1563
TCA->TCC,453
GAA->GGG,1906
CAC->GAT,399
CTT->CCA,1179
GCA->TCC,318
CCT->GAC,179
ATC->AAA,373
CGT->CGG,1068
GAC->GTA,231
GAG->ATG,31645
CAC->ACA,893
GAT->CCC,818
CGT->GCC,88
TTG->CTT,621
AAT->GGC,278
GAA->CAG,462
TGG->AGT,27985
TAT->CGA,1560
TCG->TGG,266
GGC->GGA,241
TCT->AAG,208
CGT->AGT,87
GTA->CCA,153
TTC->TGG,5146
CGT->CTC,277
TTA->TGG,210
TTT->CCC,1924
ACA->GCC,2495
GAG->TTA,191
TTG->ACC,15634
CGA->CCT,90
CAC->GTA,319
GGA->CCG,124
GGC->TCA,26589
CAG->TCG,119
TTA->CGC,162
CTG->AAT,15942
TAA->CCA,243
AAA->CTC,304
GCT->CTT,1530
CTG->CTG,1182
TCT->GGC,439
TGA->TTT,514
CCA->CGT,364
CCC->GTC,577
CAC->GCT,714
GTC->GTT,313
TAG->CTT,290
CGT->AGC,93
CAG->CCC,665
ATG->ATA,15967
CCG->CCC,555
AGC->GAT,396
CAA->TTA,200
CCA->GCC,4314
TAC->TCG,2601
TAA->TTA,157
ACG->TTC,213
TGT->GAT,265
TTC->AGT,138
CGA->GGG,428
CCC->GGC,363
TAC->TTG,22266
CGT->CCG,75
GAC->AAG,560
TGT->ATG,502
ACG->CGG,198
GAA->TGG,440
TTT->GAT,365
CCG->CGT,217
GTA->TGG,177
CAT->CCG,294
TCC->AGT,293
GCG->ACA,7102
GTA->TGA,170
ACG->ACT,6129
CCG->TCG,141
AGA->GCG,517
TCN->CNN,6
CTG->CCA,805
ATG->AAT,15108
TAA->GTA,704
TAA->TTC,234
ACG->TCA,247
TCC->GGG,222
TGA->CCG,63
AAC->GAT,359
ACC->GAT,311
TCT->AGT,495
CAC->AAA,700
CGA->CAT,61
CTA->GGT,831
TTA->CGT,204
ATC->AGT,167
CGC->TAC,3970
GTT->CAA,369
TTA->CAG,256
TTA->GGC,721
CAC->ATC,401
GAG->ACA,26344
ACG->TAT,139
TAT->CAA,1027
GAA->GTT,1086
ATA->TAT,131
TAT->CCT,1007
CGG->CTA,44
TCT->CGC,3216
GGC->TTA,12559
TAC->GAT,253
GCA->TAG,252
GCA->TTC,335
AAG->ACG,5314
CCT->GCA,545
CTG->CGA,437
AAT->AAG,266
GGA->TCA,433
TTA->TTA,205
GGA->GTC,846
GTC->TAA,9862
GCA->GGA,3043
CAA->CGG,381
GCA->TCT,418
AAC->TGG,7405
TAG->TAC,147
CGT->GGG,117
GTC->GTC,459
TAC->AAT,337
TAA->TCG,25
TGA->CAG,573
GCC->TGC,8728
TTC->TTT,35436
AGT->ACG,69
GCA->GCG,1001
ATT->CGG,1191
CGG->CCT,154
AAG->CTC,355
CCT->AGG,646
TGC->ATA,305
TTC->ATG,537
TAG->TTT,331
TGA->TAC,270
GAC->AGA,171
GAA->GGA,2046
ACT->GTC,225
GCA->CTT,290
GAC->ACC,605
AGT->CGT,1925
TCC->TAA,16312
TAT->CTG,1409
AGA->CCT,690
GTG->TTA,318
ATC->ATT,369
CAA->GGA,1872
TGT->CTC,1786
CCC->TCT,31296
TCA->CCT,515
TAA->TGC,159
AGA->TCC,388
AGA->GCA,2667
ATG->TCT,506
GTT->CTT,844
AGA->TGT,458
GGC->ACA,861
TGC->GGA,322
GGC->ATA,262
ATC->GCG,41
GAT->AAG,169
GCC->GTG,559
TGC->GGG,536
AAG->CTT,420
AGA->CAC,347
TAA->CTT,216
GCA->GTA,1494
GTC->ATT,256
ATA->GTT,1318
TCT->AAC,193
GAA->CGC,222
TTG->TTA,452
GTC->GTA,201
AAC->ATC,361
CAT->GTA,201
TCA->GGT,1586
TAA->CGG,179
ATA->TGT,195
ACG->CCC,274
GTT->ACG,52
TGC->GAC,305
CTC->TTT,30421
CTT->ACT,434
CAA->TAG,396
TAT->ATC,198
ATG->CGA,322
TCC->AAC,390
GAG->CGT,421
GTC->AGC,93
TGT->GTT,845
TCG->ACA,4599
TAG->ATA,11423
GTG->TTC,313
CAA->GGC,1544
TAT->GTA,105
CAG->TTA,273
AGT->CTA,564
GCC->GTT,333
GTA->CAG,141
TTC->TAT,20072
GGG->CAT,354
GCG->CAT,156
GTG->CTG,626
TTC->TCA,29369
GGG->TGT,681
ATT->AGC,250
CAG->CGC,611
ACG->CGA,152
CCT->GCT,605
AGG->TCA,956
CGT->ATC,67
TAG->TGT,252
TAC->ATA,208
TAT->AGG,191
ATT->GCT,399
TTG->ATT,22915
GTC->TAT,12823
GTA->CGC,127
AAC->GGA,302
CAT->CAT,1484
AGC->TCT,35655
GCA->GAA,1563
TAT->GAT,152
CAC->TAC,39564
CGG->AGA,7216
ATC->GTC,368
CAG->TCC,835
CCG->TTA,141
CGA->TAC,28
ACT->GAG,162
CCA->TTC,445
CCT->ACC,766
CCC->TTC,33526
GAT->ATG,254
CCT->CAC,1176
GAA->GAC,936
CCG->TAG,279
AAA->TGC,322
AAA->CAC,461
ATA->TCA,267
ATA->CCT,270
CCT->GAT,173
CTA->GCT,1465
GAA->TCG,58
GCG->CTC,267
CAG->TAA,470
AGT->GGG,595
TTT->CGT,1976
TCC->AAG,648
GCT->AGA,358
GGT->ACC,282
CGA->CGA,95
CCG->CAG,458
AGG->TAC,398
CAT->CAA,1050
CTT->CTT,1460
GGT->AGT,339
GCT->GAT,173
GCT->GTA,128
GTA->GAG,1145
TTG->ATG,20888
TCC->AAA,464
TTT->CAA,890
GTG->TAT,354
TCT->ATG,381
ACT->ACA,450
GTT->GGA,227
TTG->AAC,9839
ATG->ATT,22495
TGC->TAG,38867
TTA->GCA,1263
CAT->AGA,449
GTA->GGC,876
ACT->GTG,407
CTA->CCA,276
TTT->CAC,813
GCG->AAG,7272
ACC->GGA,126
TGT->ACA,453
TTC->AAA,391
CTC->GGG,472
AAG->CCA,399
CGT->GGA,102
CAT->ATG,313
TAA->CGA,204
CGA->TGG,122
CCA->CGG,614
CTT->CAA,714
AGC->ATT,480
AAG->TTC,301
ACA->GAT,1109
TAC->GCC,198
ACA->GGT,1980
TGA->TGA,698
GTG->TAC,238
AAG->CGA,417
ATG->ATC,19030
GCG->CTG,447
CAT->CGG,4542
TAG->TGG,265
TGG->CAC,236
TTG->CGC,277
AAT->CTT,1299
GTT->AGT,168
CAA->CTC,249
TGT->AGG,487
GTT->GCA,304
GTT->CTC,831
TGT->AAA,325
AGA->GCT,1699
CTT->CAT,1066
TTA->GAT,524
GGA->CGT,381
ACC->ATG,609
