GAG->AGA,407
TGT->GAT,78
AAT->GAG,60
GAC->TCG,48
ACC->TTC,295
TCG->TGA,54
CAG->CCG,42
ACG->CAA,10
GGG->ACC,255
CGG->CGA,43
CCC->ATG,161
CCA->TGC,157
TCC->GGG,14
GAG->GCG,1
CGN->GCT,4
TTA->CAT,66
TCC->ATT,105
GTC->ATG,91
CAN->CCT,1
AAA->CGG,114
GGC->AGC,69
CTA->GGT,175
CAT->TAT,1
CGG->CTT,12
TAA->TGT,34
GGN->CTT,1
ACA->GCC,388
GCG->CGG,72
CCT->GAG,68
TAT->AGA,20
CCC->GGG,36
GTG->TAC,76
CGC->GTC,19
AAA->TTT,61
AAC->CGT,1
CGT->GGT,28
TAC->TCA,187
CGA->TCG,16
CTT->ATG,147
TGA->CCT,82
GTC->AAT,85
GAC->TTG,346
CCT->ACT,85
TCC->TTA,127
TAT->GGC,52
ATC->GCA,33
CAC->CCT,2
TGC->ACC,203
GCC->TGG,658
TCN->GAT,1
CAC->AAG,212
ATC->GAA,49
TAT->CTA,80
CCG->GCA,1
CAC->GCT,62
TGN->ATC,2
TTA->CTA,29
CGA->CGT,26
CCA->GAA,424
AAA->GCG,55
ACG->CTA,8
CGT->CTT,35
GAT->AGT,42
TCC->GCG,48
ACT->AGT,58
GCN->CCG,3
CAN->GAG,1
ATN->GCG,1
TGG->CCT,48
ATN->CGC,1
GAA->GTA,155
CAC->ATA,62
CCC->GTC,83
CTG->ATC,330
GCG->CCC,27
GGC->GCG,32
CCA->TCC,223
TCT->TTC,1
CCN->TCA,2
ACA->ACC,1
CAC->AGC,84
GGC->GAG,80
TTN->GGA,1
CAA->TGT,59
CTA->TGG,49
TGC->GAA,67
GGG->ATT,221
CTC->GGC,13
AGC->ACA,275
ATC->GGA,30
GTA->CAG,36
AAA->GGG,325
GAA->GCC,256
ACG->CAG,27
GGN->TCT,2
TGT->ACA,56
GCC->TTT,202
CGG->TAT,25
TTA->TCT,35
CAA->CTA,23
TAA->TTC,65
TCT->GGA,79
GCT->GGT,83
CTN->GCG,2
ATN->GAG,1
GGC->ACT,196
TAA->GGT,106
GTT->ATA,27
CAN->ACG,2
GTG->CTC,24
ATC->ACA,120
CCA->GGC,516
TTG->CTC,47
CCC->GTA,23
GTC->TAC,104
TCC->TAG,294
CTC->TTA,90
AGT->CGG,516
CTT->ACT,71
TTG->GTA,1
TCC->GTT,51
GAA->TGT,58
GGA->TAC,25
GAA->CCG,22
CTC->GCC,68
CGN->GTC,4
CGT->AGA,64
GTG->CCA,30
CCC->GCC,87
ACG->GAA,1
GTG->GGT,2
GCN->GCA,2
TTG->CCA,57
TTG->CTA,26
CTC->AAA,97
GTG->CTT,20
TGN->TAC,1
CGA->ATA,2
TTA->CCT,62
AAA->GTG,304
TTC->ACG,17
CGG->TCT,61
AAG->GTC,1
CGT->GGG,18
TTT->AGT,47
AGG->TCT,254
ATA->TGC,19
TAA->GGG,128
TTG->GCA,2
ATG->CTT,32
GAG->GGA,2
ACN->GGG,2
TGA->AGA,1
CTN->CGA,6
GAT->CCC,149
TCT->CGA,374
AAG->TGA,163
AGA->GAC,235
GTT->AGC,57
ACC->ACA,256
TTG->AGG,172
GAT->CTG,305
CTC->GCA,77
ACT->ACA,65
CAA->GCA,461
GTA->CAT,82
GCC->ATT,97
TCA->GAA,427
AGC->GAG,63
CGT->GAA,18
CGC->TGC,192
GTA->GAC,138
CAN->CTT,1
GCG->CGA,49
TCN->TAC,1
ATA->CTT,44
CAT->GCT,117
ACG->CAC,16
ATC->ACT,113
CTT->CGC,362
ATT->AAT,37
GCA->TTA,25
CAC->TTT,320
CTC->TCG,43
CGN->GTA,4
TCA->GAT,200
GGC->AAC,141
TCC->ATC,180
GCN->AGA,1
GCG->CAA,23
ACC->TGC,601
TAG->AAC,56
TGG->TTC,116
TCA->GAG,301
GAT->GTG,37
TCN->GGA,1
ATG->AAG,206
GGA->TCG,31
AAA->TAG,110
CGT->CTA,21
TTG->CCT,41
GAG->ACG,41
GCN->CTC,3
TGA->CCG,21
TCG->AGA,509
AAA->GAC,150
GAA->GAC,171
GCG->TCT,68
GTT->CAG,122
TCT->CCC,423
AAN->GGC,1
GCC->TAA,122
TGN->GAA,1
CAT->CAC,463
ACN->CCC,3
CAA->TAC,69
CCA->GAG,588
TGG->TGG,217
GGG->CAG,60
GAA->GTG,313
CGA->GCT,56
ATC->AAC,101
TGC->GTA,11
CAC->GGC,53
GCC->GCG,59
CTT->GCC,193
CAT->CTG,748
AGT->GCG,12
CGA->ACC,3
AAA->TAA,66
CAT->GAA,57
AGT->ACG,12
GTC->TGA,151
GTN->CAA,1
AAG->ACG,54
TAT->CAC,197
TTT->CTC,224
TGA->TCC,72
CCC->GTG,58
CAG->GAG,2
GCA->CTA,30
GGC->TGC,395
AGA->GGG,307
GGT->CGG,486
GTG->TAT,126
GGG->TAC,132
AAC->GCC,18
ATA->TTC,29
CTA->TTC,21
GTN->GAA,1
TTC->GCA,142
ACA->GAG,345
CCG->ATC,973
GAG->AGC,366
GTG->CAC,29
GCG->GAG,3
GAG->ACT,267
ATA->AGG,1
TCA->GCG,101
CAG->TGG,172
CAA->GTA,346
ACC->GCG,30
TCN->GTC,4
TCC->ACT,182
AAT->AGG,168
TCG->ACT,526
AAG->TCG,21
CTA->ACA,1
GCA->TTT,51
CTA->CGT,31
TGC->GCT,58
GAN->GGA,1
GTN->TGT,1
TCG->TCG,16
GAC->GTT,42
GCT->GTG,91
AGA->AGA,1
TTA->TAT,23
CGN->CAA,1
GAC->GTC,35
ATC->TTC,178
TTN->CGA,1
GTN->CAT,1
ACA->TAT,35
TGT->ATC,78
CTN->GAG,1
GCG->CGC,54
CCN->AAG,1
CCC->TGC,649
ACG->TAT,38
CTT->CCA,186
CAN->GAC,2
TTC->TTG,224
TGC->GAC,40
AGG->CGC,63
GCC->TGA,510
AAG->TAA,167
AAG->CTC,27
GAC->AAA,142
GGC->TCT,297
TAT->GTC,45
CGT->AGG,56
CCN->TGA,2
GAC->AGT,62
CGA->TCA,22
GTA->CGA,43
TCA->TAG,99
GAT->CTC,180
TGC->AGT,68
GGN->GCC,3
CCN->GAT,1
CTG->CTA,61
CCA->GGA,544
CCG->TAC,50
GGA->AAC,2
TAC->AGT,24
ATA->GTG,280
CGG->CCA,19
GAA->CTC,53
ACG->ATT,661
AAG->GAA,1
CTN->CGT,2
ACT->GAA,31
AAG->CGA,47
AGC->CCC,1
CTA->TGT,29
TCA->CTA,46
ACT->GTC,70
AGT->AGC,138
GGA->GTC,140
CGC->TCA,49
AGN->ACC,2
AGA->TCT,65
TTG->CAC,17
TGN->ACG,1
CCA->GAT,253
GGC->TTT,195
CCT->CCC,266
GAA->TCT,97
CGC->ATC,48
GGT->CTG,249
TCN->CCG,3
TTT->ACA,29
CCG->TAG,95
TGA->CAA,121
TTC->TCA,268
CAG->TTC,109
TAA->GAC,60
GTG->AAG,258
ACA->GAC,194
GAN->CGA,2
AAC->ATC,87
GTC->CTT,1
GGC->AGG,133
GCA->CAT,57
GAG->AGT,261
AGG->TGG,183
CCT->GAT,44
TAA->GGA,134
GAN->CTT,1
CAC->TAG,602
AAG->GGT,1
ATG->CAC,20
CGT->GCC,47
TTA->CAA,57
CGT->ACG,16
ACA->CCT,125
GTC->TAA,58
TGA->CAC,63
GCA->ACC,1
AAA->CGA,76
TCN->CAC,1
TCT->GAA,38
ATT->GTG,59
GAG->TCA,148
AAC->TCT,191
AAT->AAT,45
ACT->AAT,33
CTC->CAA,2
CCT->AAA,45
TAA->GCA,222
TTG->TTA,79
TGG->TAA,214
CCG->AAT,341
AAA->TGA,58
TCT->ACT,54
CAC->GTC,54
CTN->CCC,1
TGA->TCG,20
ATA->GGA,269
AGC->GGA,36
TAC->GAA,20
TCT->AGG,88
AGG->CAT,18
TGC->ACT,225
CGC->GAA,12
TAC->TCG,20
GGG->CGT,33
CTG->TCG,31
ATG->TCG,25
TCG->ACA,396
ACC->AAT,148
TGC->GTT,24
TTC->TTA,113
AGG->GGA,1
ATT->CAT,123
GGT->GAG,70
CAA->CGC,71
TCC->GAG,73
ACG->TGC,99
CGC->TGA,75
TTA->CTT,67
TCN->ACC,2
GTC->TCA,102
TGA->AGC,2
GTT->AGT,26
TAC->CTC,1
AGA->TCG,21
CGA->TAC,7
GGC->CAC,1
AAG->TTA,45
CTC->ATC,134
GGN->CCG,2
TAA->CTC,29
TCN->CGT,1
TTA->GGC,138
CTA->GGG,337
CAT->TTT,3
CGC->TCG,49
TTA->CGC,27
ACA->TGC,64
AGA->CCA,121
GCT->CGG,449
AGT->CAA,175
TTC->TTT,145
AGC->GAT,18
AGN->CCG,5
GAA->TTT,78
CGT->ATC,44
GTN->GGC,2
TCG->AGT,379
GTC->GAC,18
GCT->GTT,61
GTN->CCT,3
CAA->TTT,57
CTA->CAG,65
CTT->GAA,47
AGC->TGA,578
AAA->CAA,195
CCC->TTA,92
GGT->GCC,73
GTN->GTT,1
CGT->AAA,4
TCT->GAG,33
GGA->TAA,55
GCT->GCA,107
GCG->GGC,1
CCT->GCC,166
GTN->TCG,3
GCC->TTA,93
TAG->CTC,14
TAC->AGC,24
CCC->GGT,22
GTT->GAC,27
GTA->CCT,57
GAG->TTG,120
CTG->GAT,1
AAA->GAT,187
TCC->GAC,61
GTA->TTA,11
ATT->AGT,33
TCT->GCC,147
GTC->CAG,1
GCC->GTA,27
ATC->GTC,28
CCT->AAC,39
TTN->GAA,1
ATC->TAG,110
TAG->CCC,6
ACA->CCC,96
TCG->CCC,19
TGC->CGC,1
TGC->AGG,85
TGT->GCG,18
GCN->CGG,6
TTG->CTG,61
ACA->CGA,79
TCT->TAG,1
TGT->CTG,380
CTA->CTA,18
GTT->CCA,152
CCN->GGT,5
TAT->GAA,38
GGA->GAG,393
ATC->AGT,42
CTC->GGA,33
GTT->GTG,70
GTC->ATA,32
CAA->GAC,242
TCG->AAT,256
ACA->AAT,1
AAG->TTC,98
CCA->GGG,647
TCC->TTG,312
TAT->GGT,44
TCG->AGC,545
GAG->GAG,2
TAA->CCC,47
AAC->AAG,134
GGT->TCT,1
AGA->TAA,36
ATT->AAG,31
AAA->CAC,66
CTG->CGA,82
GTC->TGG,287
CAT->ATG,70
GCC->TCC,281
GGG->TTT,131
AGA->GCT,298
CGN->AGC,4
GGG->AAA,421
AGG->ATT,195
ACG->AGC,460
TTC->ATC,155
AGN->CAC,1
GAN->ACG,2
AAG->AAC,170
GTG->TCC,153
CTA->TAG,27
ACG->TTC,50
GGG->TCT,177
TAG->GAT,1
CGN->GAC,2
GCG->AGG,574
TTT->CTG,293
GAA->CGT,66
AAG->TGC,137
CTC->CCC,4
GTG->TGA,130
TAA->CCG,4
ACA->CAG,83
GAC->GCG,4
ATT->GAC,86
AGG->GAG,1
TCG->TCT,67
CGC->GCT,40
TCC->AGA,38
CCC->TAA,183
ATG->GAT,1
CAA->CGT,109
GGC->GAC,24
TTC->GTG,51
GTC->TTA,55
GCG->ACC,566
ATC->CAT,1
AAA->TTA,58
TGA->CTA,29
ACA->TTG,75
GTG->CCT,36
CGT->GTC,17
CTT->AAG,32
ACC->ATA,84
CGG->CAA,10
GGA->TGT,81
CCC->TTC,307
CCN->GCC,9
TGA->CTT,34
GAG->CCC,27
CGG->TGT,54
CTN->GCT,3
ACG->AGT,595
CTN->TGA,1
CAG->ACG,77
TGA->GGG,293
TCT->GCA,82
CTT->CTA,80
TGT->ATG,88
GGA->CAC,96
ATA->CAG,48
CGN->ACA,1
GCA->AGG,1
TTT->CAG,201
TTG->TGT,149
TTC->AGG,40
GGA->TGC,67
ACN->ACC,2
ATN->CAG,1
AAT->CCA,189
CAC->GCG,17
TAT->CCC,172
ACA->GAA,368
CGA->TAA,5
GTG->GTG,1
GAT->CAC,222
GCT->TTG,1
AGC->GCG,18
AAC->CCC,1
CCG->TAT,30
CGT->ATT,15
AGG->ATC,226
GGT->GGA,97
GTA->CTC,37
CCA->CAC,83
ACN->GGC,7
CAA->CAC,89
TGA->TTT,43
CGN->GAG,1
CTA->AGG,1
TGG->ATC,193
CTG->AAT,113
GCG->ATG,1171
TGC->ACA,192
GCG->AAA,378
CCG->TTA,37
TGT->GGG,122
AAC->ACA,152
GGC->AGA,99
TTG->TCA,186
GGN->TGG,1
TCN->CAA,1
ACA->CCA,110
AAA->GGC,232
AGA->GGC,244
GGC->ATG,258
CAG->GCA,3
TAT->ACT,26
ACC->TAT,155
TTG->ATC,156
CGN->GGC,6
CTN->TCT,1
TTG->TCT,186
CAC->TTG,779
GCN->GCC,11
ATA->GCA,250
CTC->CCT,1
AAN->CGG,1
ACC->TCA,273
GAC->ACC,99
TAA->TCG,13
TTG->TGC,150
CCT->TTT,1
CAA->CAA,166
AAC->TGA,662
CTT->AGT,51
GTT->GAT,27
CTC->ATT,90
GGA->GAA,431
CCA->CGG,137
ACA->GGT,389
TTC->CTC,2
ACT->GAG,45
ACN->GCG,1
TCC->GAA,42
TTA->GTA,157
AGN->GGA,2
ATC->GCC,44
CGT->CCA,74
GCN->GGA,1
AAC->TTC,181
CAG->CGC,88
CAN->TCC,6
TCC->GCC,88
GCN->CAT,3
CAG->CAT,29
CGA->TCC,14
GAT->GTA,39
ATT->CGG,232
GCC->AGC,59
GCN->GGG,2
CAG->ACT,367
ACC->GAA,33
TGC->ATT,141
GAA->CCA,71
CAG->TAG,171
TTG->AGA,146
CTG->TCC,304
TAA->GCT,89
TGA->CCA,87
CAC->TGG,1372
ACC->GAG,38
ACA->CTC,74
ATT->ACG,8
TAA->TCA,65
CGT->GGC,37
CCN->ACG,2
CAN->GAA,1
AAG->AAA,213
TGG->AAT,127
CCT->GAC,55
ACG->TCT,79
CGG->ACT,96
CAG->CGG,70
TGA->TGA,66
TGA->ACA,2
GTG->TTT,115
TTA->TTC,29
AGT->GCA,137
CGA->TGG,32
GCG->GCT,1
CCN->ACC,3
CTN->TCA,1
GCG->ATA,485
TGG->CGC,67
GAT->AAA,30
TCA->GCT,431
GAT->ATT,47
ACT->CAC,180
TTA->TGT,22
ATC->ACG,21
GAC->AGG,91
CTG->TAC,86
TAC->CGC,1
ATG->GAG,1
CGC->ATG,38
TGA->TGC,71
TGG->TCA,184
TCC->ACC,175
CCT->AGT,118
CCG->CCG,18
CTG->CGC,65
AAT->GGA,105
GAN->CCG,5
TTN->CTA,1
CAG->TTA,61
CGC->GGA,6
TCN->GCA,2
CAG->GCG,2
TCA->CAG,96
GTG->CGG,76
TTA->TCG,5
TTA->CCC,75
CCC->GGA,24
TAT->AGC,24
GAG->AAA,254
TTT->GAA,72
CGN->TGT,2
CTN->CCG,1
CCC->TGA,571
CTG->TTG,176
TCC->GTC,74
CCA->GAC,286
AAA->CAT,73
AGC->TTC,185
CCN->GCA,3
TCT->GTC,91
GGT->GGG,93
AGT->GTA,48
GAC->ACG,22
TCA->GAC,152
CGN->CCC,4
CCT->GTC,100
CAA->GGC,299
ATN->GGA,1
CAT->TAC,1
GCT->CCT,229
ATT->GCA,45
ACT->GGC,92
TTG->GAG,1
CGC->ACA,35
TGA->GCA,277
GGT->GAT,59
CGG->ATA,20
TAG->TGT,74
ACG->TTA,32
TAG->ATT,53
ACT->ATG,60
ATT->AGA,42
CCC->ACT,183
GGC->GTG,73
CCA->TAA,85
AAG->TAG,110
TTT->GCA,84
GGG->ATA,157
TCA->CTC,79
CCA->TCA,124
GAA->GCG,35
TCT->CGG,444
TGG->TGT,194
CTG->ATA,303
AGG->TTC,132
GCN->GAG,2
TGC->TCA,321
AGA->AGT,1
ACG->ATA,589
GTT->ATG,49
TTG->ATA,117
GAA->GAA,311
AGA->CCG,29
CAA->GGA,418
ATC->TAC,128
TGA->GGT,201
TGG->TAG,193
CCT->CAA,165
TAA->TTG,35
TTC->TAA,118
ACT->CTC,248
TTT->GGC,71
CGA->CCT,23
TAC->GAT,22
AAN->TCG,1
GCT->ACT,51
TTT->AAT,29
CGC->AAG,45
AGT->AAA,61
GTC->CGG,3
TTG->ATG,138
AAT->CGT,422
GTN->CCC,1
ACG->CCC,34
GGG->TTC,109
ACA->GTG,756
GGT->GGT,67
AGC->TGT,535
CGA->GAA,44
TAA->TAC,35
GTA->CAC,34
CCA->TGA,88
CCC->AGT,89
CAN->GGA,1
GCN->ATC,1
TGC->AGA,63
TCT->AAG,46
AGG->TAC,116
GGG->AAG,413
ACG->AAG,457
TCN->ATC,5
CTG->TAA,136
CGG->AAT,37
CCC->ACG,61
TAG->GGG,2
CCG->CTA,18
AAT->GCG,22
CTG->ATG,488
GAT->CCT,133
TAC->CCC,1
AGT->ATT,101
TCT->ACA,68
TCT->GCG,45
GAG->CTG,36
TAA->TGC,20
CAN->CCG,2
TAA->CCT,40
TGC->AAT,125
CCC->ATA,56
CGC->TAA,25
GTT->CCG,25
ACT->TCT,2
AAT->GAC,35
CTA->GTA,382
CCG->TGC,124
TGT->GTT,91
CCG->GTC,1
GGC->GGC,34
AAN->GCG,1
TCC->GCT,44
GGT->CAG,306
GTT->CTC,131
TAG->TTC,58
GAC->AGA,54
GTG->ACA,238
TAC->ACG,6
GTC->GTG,37
TGG->AGT,239
TAC->ACA,71
GAG->TGA,190
TTT->CCT,280
TAG->TTT,47
CAG->CTC,36
ATG->TCC,157
GGN->TCC,1
GAT->CCG,24
GCG->GTG,2
ATT->GTA,42
TCN->AGA,1
GGA->TGG,110
CTT->TGC,1
GAC->TCC,182
AAC->ACT,144
GAG->ACC,289
CTT->GTG,114
TGN->GTG,1
TAN->CCT,1
AGN->CCT,1
GTA->GGG,207
GGG->TCG,65
GTA->GCG,33
CTA->GTC,361
TTA->CCG,8
GCC->GCT,58
TCC->GGA,16
ATC->GTG,35
CAT->ATA,36
CAA->CCT,117
TCC->GAT,94
CGA->GAG,46
AAC->GTT,22
CCG->CAC,25
TGT->GGT,124
CAA->GCT,376
GGG->AAT,205
CTT->GTC,83
AGT->ATC,117
CGC->AGT,17
CCT->TCC,2
GCN->TGC,2
TCA->CGC,83
GAT->CGT,392
CGA->CCG,13
TCN->TGG,2
AAG->TCC,133
TGG->AGG,328
TTT->GTG,103
ATT->GGT,50
AGA->CGT,64
CCG->CAT,10
GAT->GCA,75
CTC->GAG,66
GCA->TAC,38
CCC->GAT,51
AAT->AGT,62
CTC->GTG,102
TAG->TCA,88
GTG->CAT,32
GCA->CGT,87
CTA->GCG,43
ATC->ATA,45
AAC->GGT,20
ATT->ACA,39
ATC->CCC,1
CCG->ATG,1207
ATG->TAG,156
TTC->TGC,398
TGC->TCG,88
TTC->ATT,99
AAG->TAT,80
TGA->CGC,103
TCG->CTG,39
GTT->ATT,49
GAG->TTC,70
GTC->GGG,30
TCC->TGC,581
TAN->CTT,1
AGC->TAC,237
CCG->GAT,1
ATT->GCC,112
GAT->AAT,28
GAA->GAT,160
GCC->GGT,12
AGT->CGC,329
GCC->ACG,75
TTT->CCG,28
CAN->CGC,1
GCT->ATG,63
AAA->CTC,58
TTC->TTC,231
TCG->AAA,422
CCA->TGT,82
CAG->ACC,365
AAA->TCT,116
GGT->AGT,66
ACT->GCA,76
GAT->GAA,82
ATC->TTG,184
TTA->GTG,156
CAT->AGG,90
CCA->CAT,62
CTA->ACT,1
CGN->CCA,5
GAT->CGC,397
TTC->AAG,112
CGN->CGT,1
ATG->CAA,41
TCC->TGG,495
CCC->ACC,153
CTT->GGT,85
ACA->CAC,86
CCG->GGT,2
TCT->AAT,42
GGG->TGT,136
ACT->ACC,63
ATA->CGG,46
CCA->CCC,114
TGC->GGT,16
GCT->CTT,190
TCT->CTA,140
CGT->CAA,31
GCN->TTG,2
TGC->GCG,14
CCC->GCA,97
AGT->GAT,75
ATG->ATT,153
GGC->CAG,1
AAA->CCT,113
CGG->CGT,28
TCT->GGT,74
AAG->GGG,1
GGA->CCA,73
GTG->ATC,195
AGN->AGC,1
CTA->CGG,56
GGN->AGG,1
ATT->ATT,52
ACC->ATG,187
GCG->TAA,31
TGG->ACA,356
CTN->TGT,1
CTT->GGG,113
CCC->TAC,372
TAG->GCT,1
CGG->CCT,18
CTT->ACC,85
GGC->GAT,33
ATG->TCT,159
GTT->GTA,31
CAG->TTT,118
GCN->CTG,1
TTC->GTC,50
AGG->TGA,163
ATT->CCT,187
CTT->CAC,246
CGA->CTC,15
CTC->AGA,43
CTT->CTC,298
ACN->CAC,2
GCG->AAC,220
GTC->ACA,107
GCG->ACA,467
ACN->GAT,2
CTG->AGC,194
TTA->TGG,46
TAC->AGA,23
GCN->TGG,5
CAG->ATT,485
AAT->GTT,55
TAT->GCT,53
TAT->GGA,28
TTC->CAC,1
GTA->GCT,163
TAG->TAT,34
ACT->AGC,112
TGG->TTG,153
GGC->GGA,14
CAG->AGT,316
GCG->TTG,84
CAA->GAA,330
CGN->GCG,11
TGG->CTC,45
CAA->CTC,63
TTA->GAG,140
TAC->ATT,47
GCN->ACC,2
GGA->GGT,198
CAN->TGT,2
CTG->CTC,103
CCC->AAG,296
GGG->CAA,44
GAN->CTA,1
TTT->GGA,116
AGA->CGA,126
CAT->AGC,88
ACC->GCA,29
TAG->ATC,66
CAG->GAT,2
TTN->GCC,1
TCA->GGG,497
GCA->CGG,129
TTG->ATT,129
CGA->CCC,29
CGN->CCG,10
TCG->TAT,37
TGA->CAT,91
CTN->GAA,1
CGA->TGA,29
AGG->CAC,45
CGT->AAC,15
TCG->GTG,5
TGG->CCA,41
TAC->TGA,362
GAG->CGC,56
CTN->GGA,3
ACT->CGA,381
GGC->AAA,206
GAT->GGA,75
TTT->CAA,147
ACT->CGT,369
AAG->CTA,21
ATA->GGC,167
GGT->AAC,20
GTC->TTC,175
TTT->CGC,248
CAT->GCG,29
CCG->TGT,59
TTN->TCG,1
GAC->GAC,29
GAT->ACC,41
GGN->ACG,3
GTA->GGC,174
TAT->GCA,39
GGT->GTT,78
CAG->ATG,717
TCN->ATG,2
GGG->TAA,155
ACA->GTA,450
TCA->CAT,62
GGG->CGG,65
GGG->TAG,224
GGA->TTG,59
GCG->CTA,14
TGT->TGG,1
GCA->TCG,36
AAA->TGC,70
TTN->CTG,1
GGG->CCT,75
CGC->AAT,25
TGG->CAA,122
CGC->GGT,3
ACT->GGT,86
CTG->ACC,352
GTN->CGG,2
CGC->TCC,91
GTG->TTC,112
ACG->ACG,97
CTA->GAC,128
GCC->TGC,432
TAC->AGG,34
AAG->CAT,18
TTN->CGT,1
ACG->TGA,85
CAG->TTG,155
TCT->GGC,146
CGN->TGA,2
CAT->GTG,90
GAG->CTA,13
GAG->CCG,18
CAA->CGG,98
GTT->AAA,28
CCC->TAT,237
GTG->AGT,152
CTN->GAT,1
GCT->ACA,84
GAG->ATG,319
TGA->TAA,58
TGC->GAT,37
ACA->AGC,1
CCC->AAC,192
ACC->GGC,26
TTA->GGT,107
CAA->TCC,151
ACT->AGG,76
TAA->TTT,29
ATA->GAA,199
GCC->ACC,165
GTG->TCA,134
ATG->TTG,195
AGT->ACT,60
CGC->TAT,25
TGT->GGA,83
GGC->TAG,344
TAT->CAG,401
TAA->GTA,63
TGT->CGG,517
AGG->TGT,149
CGC->CTC,1
GTA->GCA,203
CAC->GCC,52
TCG->TCC,113
GAN->CTC,2
CCT->GTG,63
GTG->CTG,52
CTN->GAC,1
GGG->TGA,168
CCN->GGC,6
GTT->ACT,32
GTG->TAG,141
TGT->ACT,81
CGN->CTC,1
TTG->GAC,1
CGG->AGG,96
GTT->CAC,120
CAT->CCT,371
GTC->CCA,1
GAC->GAA,45
GGG->CGA,72
CAA->GGG,325
ACG->GAG,1
GTA->GGA,229
AAA->CTA,36
AGC->TAA,151
ATA->TAT,29
CCN->CTC,1
TCN->CAT,1
AGN->GAG,1
GCN->GCG,6
CCA->CCT,126
TAG->TGC,81
ATA->TAA,29
GTT->GAG,44
GGA->TTC,39
ATC->ATC,122
AAG->TTT,76
CTA->GCT,326
AAG->GCT,1
GAC->GGT,22
CTG->CTT,52
ATN->GTC,2
AGA->AAA,2
TCT->TCC,1
GCA->CAA,88
GAA->TCG,34
AAA->TTC,55
CTT->ATT,74
CGG->CCG,39
GCC->TTC,341
GAC->TTA,66
ACA->AAC,1
GAT->CAA,155
GAT->GAG,74
TAG->CAG,51
AAC->TTT,148
ATA->CTA,25
CGN->CAC,3
TGT->CGA,384
GAG->TAA,167
AAA->CAG,89
CCG->CCC,35
TAC->GGG,13
CTC->CAG,1
CAG->CGA,67
ATT->CTG,189
TGN->GAC,1
ATC->TGC,376
TTT->GAG,36
GGC->ATT,119
CAA->TTA,25
CGN->GCA,4
TCA->TGC,94
AGA->AAG,1
ATG->CGT,36
GGA->ACG,1
GGA->TGA,92
ACT->GCG,22
GCT->GGA,95
CCA->CCG,26
CGA->ATC,1
GAG->TCT,147
ACG->ACA,618
CTC->TGA,337
GCG->AAT,329
GCC->GCC,82
TAG->TCG,13
TAG->GGC,1
GCN->TTT,1
CAN->CGA,1
GCG->ATT,498
CGG->CTC,14
AAG->CGG,28
AAC->GGC,18
TCG->AAC,184
AGC->ACT,296
CGN->TAC,2
TAC->TGC,453
GGC->GGG,34
GTG->TGG,164
AGT->AAG,53
CAN->TGA,1
TTA->TCA,93
GGG->AGC,241
GCG->TCG,50
TCA->CAA,101
GAG->CGT,47
GCC->GTG,87
AGG->ACA,505
GAT->AAG,22
CTC->GCT,87
CCC->AGA,83
TGC->ATC,146
AAT->TTG,1
CTA->GGA,337
TGN->AAC,2
GTC->GGC,16
CAT->AGA,100
GGN->AAA,1
ATT->CGA,241
AGC->AGT,72
TCT->AGT,87
TTC->GAC,24
TGT->ATA,45
CTC->CTT,1
GCG->GCC,2
AGT->CTC,172
GTA->GCC,195
CGG->AAA,35
CAA->TCG,28
TAA->TGG,30
ACC->GTT,33
GCN->TCA,1
TTA->CCA,69
CGN->CGC,6
TCN->CTC,3
CTG->AAG,262
TGN->AGG,2
TAG->ACA,114
GGC->GTC,43
AAG->GCC,2
TGA->TCT,67
ACT->TAC,1
TGT->AGT,104
CCC->TGG,818
GAN->AGG,2
AGA->GTA,189
TGN->GAG,1
GCT->GAA,38
GAA->TTG,157
CCN->ATC,3
ACA->GTC,425
ATA->TCC,29
ACC->AAG,154
AGA->GCC,257
TGT->TTG,1
TAC->ATC,28
CGN->CCT,3
TGA->CTG,69
GCA->CGA,108
AAG->CTT,31
ACA->TCC,97
ACN->CTA,1
TTA->GCA,187
ATG->TGA,182
GTA->TTT,30
TAC->GCG,1
CAC->GAA,63
TAC->GAC,24
GCC->AGA,101
CAN->GCA,1
GCA->TTG,87
TTC->CAT,1
CTA->TAA,29
GCT->AGT,54
GAA->CAT,54
GCT->CTA,89
CCG->CAA,31
ATA->GTA,230
GCG->TTC,44
CGC->TGG,219
CAC->GTA,24
CTT->CCT,330
CTC->TGG,764
AGT->GTT,92
GTN->CCA,1
CAT->AGT,81
AGG->CTT,46
AGC->TCT,292
GGC->CAT,1
TCA->TTA,34
TTC->AGA,32
AAT->GCT,53
GCN->ACA,1
TTC->GCT,41
CCN->GCT,2
GCA->CTG,92
TCA->CGT,75
GGT->ATC,88
TGA->CGG,109
GGT->GGC,83
ACG->GTG,1
GAA->TTA,38
TGC->TTC,275
AGT->ATG,91
CAG->GTG,1
TTG->AAT,69
TCT->TGT,1
AAN->GCC,1
TCT->TAA,1
TCA->GCC,436
TCC->TTT,283
CGG->CAC,11
TGN->CTG,3
ATG->CTA,22
GGG->CCG,58
AGC->TGC,458
GTA->CCA,29
TTT->GCT,115
GAC->ACA,133
ATG->TAT,78
GGN->TAC,1
TAG->CGC,16
CCC->TAG,415
TAC->TGT,534
GCT->AGG,162
CAA->GCC,375
TCA->GTC,540
CCA->TTG,73
TGA->TAT,35
ATT->AAA,41
AGA->TTC,42
CGA->TTT,7
ATC->TCT,185
ATG->TTT,100
CAT->GTA,33
GTC->GCG,12
ACT->CTG,195
CAT->ATT,91
CCC->GCT,82
CGA->AAA,1
GTA->GAA,175
TCA->CCA,125
GAG->TAG,141
CGA->GGA,51
GGN->CCA,1
CAT->GGG,96
CAN->GGC,3
TGA->TTA,18
CAA->TGG,73
TCG->GCG,1
GTA->TAA,22
CAG->ATC,416
ACA->TCA,130
TCT->CAG,325
CCG->TTC,101
CCG->AAA,628
CCN->GCG,5
TAT->ACC,18
CGT->ACA,20
GAC->TAG,374
GCT->CTC,266
GTN->GCC,1
ACG->TTT,67
GAA->TGA,96
ATA->TCT,31
AAA->CCA,109
CAG->TCA,257
TAC->GCA,20
CCA->GCA,571
AAT->CAC,221
TCG->TTC,61
GTA->TGA,24
CTN->CGC,1
ATA->CAT,52
TAC->GCC,17
CCA->TTC,85
CAC->TGA,831
CAA->CCA,121
TCT->ATC,102
TGC->AGC,79
TAC->ATA,24
TTT->GCC,123
GTA->CGG,28
GAT->ACG,19
CCT->TTC,1
AGG->CCG,32
CAC->ATG,151
CCG->TTT,76
GTG->GCG,2
CAT->CAG,743
GCA->GAC,202
GTG->CCC,25
ATA->CCC,68
TTC->TAT,161
AGC->AAC,225
CTG->ACA,410
CTC->ATG,136
ACA->TAC,34
TCC->TAC,257
AAC->TGT,707
CTC->GTC,83
CCN->ACT,1
GCA->GTA,348
CGC->TTA,16
AAT->GTG,43
CCA->CAA,135
GTT->GCC,54
CGA->GTC,27
GCA->TCA,92
ATC->CCA,1
ATC->GAT,37
CAC->GCA,76
GAN->CTG,1
CTT->CTT,235
AGC->ATC,186
TCC->AGG,68
GCA->GTT,424
ATC->TGA,265
GAN->TGC,1
TGT->ACC,57
CTT->CTG,306
AAG->CAC,28
TCN->AAG,2
ACC->AGA,84
TAT->AAT,18
TTC->GCG,12
TGG->ACG,71
TGC->TGA,367
CTG->CAC,33
CGG->TTC,21
AGT->GAA,96
TCA->ACA,2
GCT->GCG,37
TTG->AAG,94
ACC->GTC,51
ATC->AGC,48
TAG->ACT,75
TAC->TAG,346
CTT->ATA,39
TAT->CAA,151
TTA->GCC,168
GAG->TTT,111
CTC->AGT,53
TAT->CGA,268
GAC->GTA,16
CGN->ACG,1
GTC->CTG,1
CGT->CGT,90
AGG->TAT,134
ACT->CAG,222
ATC->GAC,34
GGC->ACA,208
TCG->TTA,30
GTA->TCA,28
CCC->TCT,311
CTT->CGG,529
CCN->AGC,2
CCA->GTA,523
GTC->TGT,206
GAC->ATG,95
TGC->AAG,238
CTT->CAA,135
TTC->ACC,203
GTC->ATT,47
CGG->TAA,17
GCA->AAC,1
CGT->CTC,51
GCC->TGT,424
AGG->CCT,78
ACC->GAT,37
TCC->TCG,47
GCA->GGC,421
TAN->CCG,1
GTT->ATC,56
GTT->ACG,8
GCT->GAG,35
CTC->ACG,38
ATG->TAC,94
CGT->GAT,8
CAC->CTA,1
TGC->TTA,158
GTN->TGG,1
TAG->CAC,22
TGT->GTG,116
ACN->CGT,2
CTT->CGT,277
GCA->TGA,122
GGG->TCA,198
TCN->CGC,3
CTA->AAT,1
TGN->ACC,1
CTA->CCT,110
AAT->ACC,47
AAA->TGT,105
TCG->ACG,58
TTC->CCT,1
CGC->GCA,24
CGG->AGT,53
ACT->TGA,2
AAC->AAT,112
CGN->TTC,1
GGN->CGC,7
GCT->TGT,1
CTG->GGA,1
CTA->CGC,48
TGA->GTT,166
AGT->CCG,21
GCT->CAT,136
CCA->CTA,31
CTG->CAT,39
CAN->GTC,2
GGC->GCT,47
TAA->TAG,50
GGG->CTC,33
GGT->GCG,26
GCA->CAG,71
CGC->ACT,74
CGT->ATA,8
AAC->AGT,67
AAC->GCG,1
GAA->GTC,144
AAC->GAG,74
TGT->AAG,47
AGG->TAG,207
AGT->CGT,423
ACA->GGC,374
AAT->ACT,49
AGN->GCG,1
TGA->CCC,130
CAT->ACT,68
TAA->TCC,57
GAA->CGC,50
CCC->AGC,108
CAC->AGG,90
TTC->GAG,40
TAN->CAC,1
GCG->TCC,89
ATG->ATG,270
AGT->AAC,36
CTT->AGG,70
GTC->AGC,25
CCG->TCC,147
CCC->AAA,239
TGA->GGC,244
TAT->ATT,38
AAA->TCC,121
CAG->GCC,1
CTA->CCC,81
TTT->ACG,7
CCC->TCC,248
AAG->AAG,249
ACC->TCT,220
GAT->GGG,69
AAG->CCT,25
TGG->CGT,37
GAA->CGA,78
AGG->GCC,1
ACT->CTT,194
ATN->CGG,3
GAG->AGG,335
ACG->GCC,2
AGA->CAG,150
GTT->ACC,33
TCT->ATA,30
TAT->CCT,205
GCC->GAT,44
ATC->TGG,296
ATN->CGT,3
CTT->CCC,367
GCC->AGG,71
GTT->GCA,63
GAN->TGG,1
CGT->GTT,9
CCA->CTC,84
TGT->AGG,99
ATA->ACT,1
TGC->AAA,156
TAC->TAA,133
ACT->ATC,59
ATT->GAT,62
GTN->CGA,4
GTN->ACG,3
GCT->TAT,1
GGA->TAT,87
ACA->TGA,87
CGT->TCC,3
TTC->GCC,31
TAG->AAG,106
GTG->CGT,38
CCT->AGA,106
ATG->AGG,193
GTT->GCG,12
TCT->CGC,495
CGN->TAG,1
CCG->TCG,34
GAC->CTG,3
GGA->GAT,250
GTC->GTC,32
CAG->CAC,36
AAG->ATG,322
AAG->CCA,30
GTG->AAA,198
GAG->TGG,169
TGT->GAA,74
CAC->AGT,102
GTC->GCC,35
GGC->GTT,24
ACA->TAG,73
ATG->AAC,109
GGT->GCA,137
TCG->TCA,64
TGT->AGA,123
TCT->CTC,450
ACG->CTT,27
TTG->AAA,88
ATT->CCC,205
TCT->ACG,40
TTC->TCT,350
TCA->CCC,134
GGT->AAG,45
ATC->TCC,249
TCN->TCC,1
ATC->TCG,26
CGG->TTT,22
ATN->CAA,1
CAN->GTT,1
ACC->GGA,13
CGC->TTG,73
TCT->CTT,327
CAT->AAG,46
GGG->AGT,203
ATC->GGG,20
CCA->GTG,860
TTA->TAG,37
GGA->GGA,340
ACA->GGA,577
GTA->GTC,178
ACN->CTG,1
GCN->TCC,1
TAA->TTA,22
TGT->CAT,258
ATA->GAT,122
CGG->ATG,58
TTG->GAA,1
TAC->CTT,2
ATT->ATC,72
ATG->ATA,165
CTG->CGT,47
CCG->GGG,1
AGA->TCC,66
CGC->TTC,70
CAC->TCC,442
GAG->ATC,180
TAA->TAT,39
CGT->CCT,77
ACT->CGC,428
CCN->CGA,1
ACG->TGG,68
ACA->CGG,91
AGC->GCA,67
ATN->GGG,1
CTA->GCA,348
TGT->CAG,377
CGG->AGA,64
CAC->CTG,2
AGT->GCC,131
TCG->CAC,12
CTC->TAG,271
ATA->CAA,55
TCN->GAA,4
CAT->ACG,20
GGN->TAT,2
GAN->TCT,1
TAG->CAA,30
ATA->GCG,29
AAT->GGG,70
TTA->CAG,51
GAG->AAC,190
CTC->GGG,44
CGG->TGG,57
TTG->TGA,127
GAG->ACA,325
TAG->AGT,69
CGT->GAG,10
TCA->TTT,52
CCC->TTT,289
CTT->ACG,10
CGA->GGG,70
ACG->AAA,448
CGN->AGG,1
CAA->TCT,120
ATG->TTA,59
GAG->TGC,225
CGT->AAT,13
GTA->TGT,26
TGN->GAT,2
GCG->TGG,84
GGA->GCA,358
GCN->GAC,1
CTG->TGA,165
GCT->ATC,64
ATC->TGT,317
TTA->GCT,152
TTG->TAG,89
AGC->CAC,1
GCG->GTC,2
TAT->GTG,21
TTN->CAT,2
CCC->GTT,37
AAG->ACA,273
TAN->GCC,1
GTC->AGG,33
TCC->GGC,32
GTA->TAC,13
TTT->CTT,174
GGN->ACA,1
TGA->TTC,50
CTT->GCG,26
ACT->AGA,64
CTN->CAT,2
CGN->GGT,2
TGC->GGA,31
TCC->AGT,78
TTC->CCC,1
ATG->GTA,1
GAA->TGC,73
GGC->GCA,47
GAG->GCC,1
GCG->CAT,15
ACT->TTA,1
CGT->ATG,37
AGA->GAG,393
TTT->CCA,224
AAC->CAA,1
ATC->CTC,2
CGA->GTG,40
ATT->GGG,68
GCT->AAG,24
CAT->CAT,326
AAC->GAA,56
AAA->TGG,102
ATT->CTC,130
CAG->AAA,344
TTC->TAC,146
GGA->TAG,83
TTG->CGC,28
CCT->TGT,1
AGT->GGG,113
CCT->CAC,276
CAC->TCG,81
CAC->GAG,81
ACG->CTC,19
GTA->GAG,245
AGG->TCC,235
GGG->CTG,55
ATG->GCA,3
CGT->CCC,69
AGA->TCA,92
CAC->TCT,478
TAT->GCG,4
GGN->GAG,2
TAA->CAG,71
GCC->TCA,319
AGC->ACC,183
TTG->TCC,191
TGC->TCC,485
GCA->GGG,528
TAG->TTA,29
GTC->CCT,1
GGG->ATC,181
GCG->CCG,22
CCG->TCT,76
GGC->TGT,580
TCN->CTG,2
CGC->TGT,88
CAN->TCG,3
CAA->TAA,65
GGC->GAA,39
GGC->TCA,289
GTT->AAG,23
CGA->CGA,50
CTG->AGG,310
TCA->GCA,393
GCC->GGA,24
CAG->CAA,50
TCG->CTC,19
CCT->TTA,1
GCA->TAG,78
AAA->TCG,31
GAT->ACA,59
AAN->GAC,2
GCT->GTC,58
TGT->GCC,69
TGG->ACT,265
GGC->GTA,13
GCN->CAC,4
GGT->AGC,75
CCT->GCA,123
TAG->CCG,3
TTG->CTT,36
TTT->ATT,49
CCT->CTC,394
TGG->TCG,35
ACT->GGG,86
CCN->CAA,1
TGA->GAA,266
TAT->GGG,25
AGT->TCC,1
GAN->TCC,5
TTG->CAA,48
GGN->CTC,3
TGG->ATT,167
GTC->GGA,15
CCN->GTG,2
GTT->GGT,49
ACG->AGA,623
CTN->CGG,3
CAA->TTG,68
AAA->CTT,63
GAG->TCG,61
AGC->ACG,40
AGG->GTG,1
CGG->CAT,4
AGC->GGC,29
TCG->TAA,53
ACG->CTG,30
ATT->AGC,69
CCG->GCG,1
CGT->GCG,18
GAA->CTG,96
TAT->CTG,275
GGA->GCT,169
ACA->GGG,508
ACC->AAA,182
CCC->TCG,78
TAC->GGA,8
TCN->TTC,1
CGN->CGA,3
ACC->ACG,43
GCC->AAC,144
CTC->TCA,275
ATT->CAA,114
GTC->AGT,19
TAG->CTT,11
ACC->TAG,198
CAG->GTT,1
GCA->GTG,762
CAA->CTT,43
TCG->CTA,21
ACG->AAC,290
ATA->TTT,31
TTG->AAC,51
AGA->GGA,426
TTC->TCG,32
CGG->ACC,150
TTG->CGA,37
GGN->ATG,1
ACA->GCT,422
ATA->AAT,1
AGA->TGA,67
CGG->AAG,63
AAA->GCC,277
CGC->AAA,14
GTN->GTC,1
TTN->CAG,1
CAT->TGC,1
AGN->TTC,1
CGC->GAT,10
TTA->CGG,34
AAT->CCT,216
TGG->AGA,376
TGG->TCT,264
AGT->CCA,265
AGC->GGT,20
TGA->GAT,146
ACT->GGA,79
ATA->AGA,2
CAG->CCC,70
CGT->TGA,2
GCN->AGC,2
CAT->ATC,122
CGC->CAG,4
CTA->TCG,10
AGG->AGA,422
CGA->ATT,1
CGT->AAG,17
CGA->AAT,3
TTC->GTT,53
TTG->CGG,56
ACT->CCG,118
AGC->TCC,353
GGC->TTA,87
TAC->GTC,12
AGG->CCA,43
GCA->TGG,131
CAA->GTT,418
TAA->CGG,55
GCN->TCG,2
ATG->CGC,58
TCG->CCA,11
CAA->GTC,364
GTC->GAT,25
CCA->ACA,3
CTA->GAT,121
CGN->TCC,3
CGC->GGG,23
GGC->TCC,263
CAG->AAC,215
ATC->ACC,180
GCN->AGG,3
CCT->ATT,92
TGG->CTG,60
GTC->GGT,16
CAT->CCC,353
GCA->GAG,309
TGA->CTC,61
GCC->ATG,215
AAG->TTG,111
GGA->CTA,39
CTC->TCT,395
GTA->TAG,24
CAN->AGC,2
GAA->TAA,59
TGG->AAC,139
TGG->TTA,60
GAT->CTA,104
GGA->AGC,3
ACA->CAT,78
GAN->ATC,3
ATN->CCG,6
AGC->ATG,193
AAG->ATC,181
ATC->CGT,1
ATN->CTC,1
AGA->CCT,97
CGC->GGC,14
CTN->GTT,1
GCN->GCT,3
AAG->TCT,118
CCN->GAG,2
CAC->ATT,102
ACC->TAC,209
TCT->CGT,440
AGT->GTG,96
GAT->CAT,218
AGA->TAG,63
CTC->TAC,224
AGT->GGC,96
CGG->ATC,43
AAG->ACC,279
TCT->AGA,72
GGN->ATC,4
GTN->TGC,1
GCA->TCC,103
AGG->ACT,293
AGA->TGT,64
TGT->CTT,254
CCN->CCG,1
ATA->GGG,210
CTA->CTT,62
CGG->CGC,55
AAT->ATG,49
TGC->GTG,85
CGT->GCA,31
GTG->CCG,8
CCT->CGG,679
CCC->ATT,101
GCA->CCT,97
AAN->CGA,2
AGA->CAA,147
CGA->GCC,41
ATT->CCG,25
GGC->CCC,1
GCC->GAC,58
CAG->TGA,196
GGA->GTA,140
GTA->TTC,27
CTT->AAC,31
CGC->ATA,3
CGG->CTG,24
GTC->CTC,1
ATG->GGT,1
GCG->TAT,48
CAC->TAT,352
GAG->CGA,93
GTA->TAT,44
GGT->AAT,34
GAC->CAT,1
CAA->CCG,32
ATG->GAA,1
GCA->CCG,20
TGT->CGC,370
CGC->ACC,74
TCC->CAG,1
ATN->CAT,1
GCT->AAT,18
ATG->CGA,69
ACA->CGT,69
CTC->ACT,220
TCG->TAG,34
AGT->GGT,122
AGA->TGG,52
ATC->GCT,24
CAA->GGT,247
AAG->TGG,143
CGC->GCG,34
TAC->GTA,17
GGA->GCG,52
CAG->CCT,53
ACT->CCA,232
ATT->GGC,60
TCC->GCA,74
CAT->CGG,966
ACA->TGG,134
TCT->GTG,60
ACC->TGA,521
GTG->TGC,143
AAA->CGC,74
GGC->AAG,253
GGG->ATG,353
GAC->CCC,4
TCT->GTT,77
CCT->AAT,28
TTA->CGA,43
TAC->AAG,97
CCT->GGC,145
ATC->TTA,51
TCG->TGC,99
TCG->GTC,1
GTG->CGC,67
CTG->CCA,68
GAA->CAC,67
CAT->CTC,415
GAN->GCG,5
ACT->GCC,70
TGC->ATG,207
GCN->TTC,1
TAG->CCA,13
TGN->GCC,2
ACT->GTG,76
TAG->CAT,19
TCG->ATC,608
GCG->AAG,410
CGN->AAC,2
ATA->GCT,179
TAA->CTT,42
ACA->TCG,27
GAA->CCC,107
CCG->ACA,785
CGN->GAT,2
AGT->CGA,414
ACA->TTC,69
AGG->AAG,349
ACG->CGA,25
AGA->CTA,41
CAT->CTT,307
AAT->CGA,515
GTA->GTA,170
GGN->CGA,5
ATC->GGC,27
CAG->GTC,2
ATT->GAG,42
AGT->CAG,398
ATC->TAT,166
TCC->ATA,75
TCG->ACC,429
ATC->CTG,3
AAN->CAG,1
ATG->ATC,161
CCG->CGC,35
CTG->ATT,319
GAC->ATA,42
CAC->AAC,169
GGG->TGC,162
GTG->AAC,114
CGN->AAG,1
GAC->TGG,969
TGC->TTG,435
CCG->CTT,17
CAC->CCC,1
AGA->CTC,58
ACN->CGA,1
TTC->GGA,27
GCT->AAA,27
AAC->CTT,2
AGT->CTT,158
GCT->CGT,329
GAT->GCC,75
CGC->CAC,1
TTA->TAA,44
CCC->AAT,135
AAG->AGA,376
TGC->TGT,602
GGT->CAC,138
TGN->CTT,1
TAT->ACA,27
GAT->TTT,1
ATA->TGA,31
AAC->GTG,30
TCG->CCG,9
CTG->AAC,131
TGC->TGG,722
TAT->ATG,28
CGG->GCA,1
GGN->GCT,2
AGC->AGA,95
TGC->TAA,222
TTN->CAC,1
CTC->ATA,50
GTC->TCT,185
CTG->CCT,76
GCT->TAC,1
ACC->AGT,87
CTT->CGA,325
ATG->AGC,169
CGG->TCC,87
ATG->CTC,33
TAT->CAT,218
TCC->AAG,124
GCC->AAA,157
GAC->GGA,15
CGA->GCA,53
AGC->GGG,39
AAA->GCA,332
GGG->CGC,83
AAT->CAT,280
TCC->ACG,36
TTC->AAT,112
TTC->AAC,88
GCC->AGT,69
CCA->GCC,636
CGT->TGC,1
TCN->GGT,3
TCG->CAT,24
GCC->ATA,58
TAC->TTC,173
TGA->AAG,2
GTA->CGT,33
TTC->ACA,205
CCG->TGG,107
GAC->GAT,38
CCN->ACA,2
GAA->GAG,329
ACN->GGT,1
GGN->GCG,2
CGT->GCT,35
GCT->ACG,13
TGA->GCG,48
GGC->GGT,20
AAA->CGT,45
GTG->GGA,1
GAG->CAA,60
TTA->CAC,39
ATA->GTC,145
GTT->CGT,199
CGC->CGT,1
GCG->TTT,49
ATC->AGA,47
CGT->GTG,23
ACG->CGT,34
GGA->CGT,74
GCT->AAC,27
TAC->ACC,67
GTG->ACG,30
AGT->GAC,57
CAG->AGG,371
CGA->GGC,42
AAT->CCG,25
TGN->TCC,1
AAG->GCA,1
GTA->GGT,155
AGA->CGG,105
CGG->CCC,42
GGT->CGA,350
AAC->TCG,34
GCA->CTT,53
CGN->GTG,2
CTA->TTA,22
GAN->GGG,2
TGT->TCC,1
TCA->CCG,17
GAG->CAC,38
TGA->CGA,66
GGN->AGC,3
CAA->TCA,107
AGT->GAG,76
ATG->CCG,18
TGC->TGC,505
TAG->TCT,92
AGN->GCT,2
CGC->AAC,32
AAG->TCA,146
CGA->GAC,11
GTG->ATG,284
ATA->CTC,49
CGC->CTA,1
GCC->GCA,74
AAN->CAC,1
GGA->CGA,133
TAC->TAT,174
GAT->GAT,87
GCC->TCT,273
AGT->GTC,91
ATT->CCA,149
GTA->CGC,35
GCG->CCA,36
AGA->CGC,80
TCT->CAA,165
CTC->AGC,36
GGA->ATG,3
CCN->TCC,1
GAC->GAG,88
CTC->GTT,79
GGG->TAT,156
TGA->CAG,122
CAT->AAT,45
ATA->TCG,10
CGN->GCC,4
GTC->GTA,17
ATT->ATA,40
TGT->CTC,307
ACT->GTT,65
GAG->ATT,199
GTN->ATC,1
TAC->GGT,15
CAC->TGT,1198
TAT->GTA,28
GAC->ACT,154
GAT->AAC,15
ATG->TGC,137
GTG->TAA,93
ATG->AGA,258
ATA->GAC,133
ACN->GAC,3
GCG->CTG,37
CTT->GAC,31
GAG->CCT,41
CCG->GGA,1
GTT->CTT,117
TCA->CGG,85
CCG->AGC,693
TGA->TAC,37
TGG->ATA,150
TAC->TGG,603
CGA->TTC,16
AGA->CTT,57
TAC->GTT,19
ACC->AGC,98
TTC->CCA,2
GGC->AAT,165
GGA->TCT,47
ATC->GTT,17
GAA->CGG,94
AAG->CAA,51
GCN->AGT,1
TAG->ATA,50
GAG->CTT,30
GGA->CCT,91
ATA->TCA,40
TAA->CAA,93
AGA->GGT,194
TCC->GGT,13
CCG->ACC,802
ATG->CCC,29
GGC->TCG,121
TCN->GGC,5
TTC->TGT,388
GTT->GGC,55
TCA->TCC,150
ATA->TTG,38
GCC->AAT,99
AAC->GGA,20
GGT->ACT,57
GCT->CGA,430
TAA->GAT,56
TTT->ACC,34
TGG->CAC,22
GGA->CAG,124
AAT->CGG,660
ATG->ACG,19
ATA->CGC,39
CCG->CGT,10
TGT->ATT,107
TTT->GTT,127
ACG->TCG,19
AGT->ATA,50
GCC->ACT,146
CCN->CGC,7
CCN->GGA,3
ACG->AGG,606
ATC->AGG,23
GTG->ATT,152
GAC->AAC,93
ACN->TCG,1
AGC->TTG,347
CCT->CCG,57
AAT->AAC,26
TTT->GAT,60
CCA->TAC,48
TGC->ACG,28
AGN->GAA,1
GCN->TGA,2
GAA->GCT,209
AAG->GTG,1
GAC->ATT,77
CCC->ACA,210
ATC->AAT,118
TCC->AAC,122
AAA->TTG,92
GCG->ATC,590
ACG->TCA,80
TAA->GGC,95
TCG->GCT,1
CGA->TAT,17
GGN->CAG,6
GGC->TTG,301
CCC->GAA,44
GAN->AGA,1
AAA->GGA,359
CTG->CGG,99
GTT->GTC,62
ACG->CGC,18
GGG->AGG,176
AGN->AAG,1
TGA->ATG,1
CGA->TGC,14
ATT->ATG,41
TTN->TCC,1
GTG->TGT,143
CCT->ACA,86
CGC->CCC,1
TAC->AAT,58
ACG->ACC,689
CCN->AGT,1
CGN->ACT,4
AGG->TTA,83
GCN->ATG,1
ACA->CTG,101
CTG->AGA,349
CAN->ACA,1
GCT->ACC,63
GAT->CGG,600
ATA->AAA,1
ACN->TTT,2
CCN->CGG,2
GTT->CGG,206
TAA->CAC,29
GGT->CTA,90
TCA->CTT,71
CGT->CAC,57
ATA->TGG,27
CTC->TTG,267
ATC->ATG,142
AAG->ATA,157
CAC->ACT,216
GGA->TCC,44
CCG->AAG,766
CTC->TAT,220
GAT->CGA,500
GTT->CAA,67
GTG->TTA,79
GTA->TCC,33
CCT->TGC,1
TCA->TCT,124
ACC->AAC,149
CAA->TAG,158
TGC->GGG,23
CAC->GTT,56
TTT->GTA,70
TTN->GTC,1
CTG->AGT,213
CGG->TTG,42
GGN->CCC,3
CCT->TAG,2
AGN->TCG,1
TAA->TCT,52
ACA->CTT,60
TGG->CGG,105
GTA->CAA,39
ACC->TAA,120
CAN->GGG,1
ATG->CCA,27
CGC->GAG,32
CAA->CAG,144
TGC->AAC,143
CGT->CGA,133
GTC->TCC,228
CGT->AGC,42
TGG->AAA,300
CTA->GCC,286
AGC->AGC,55
TAG->AAT,60
TCG->TGG,80
TAC->ACT,83
GCT->CAC,151
CGC->TAG,55
CCT->GGT,124
AAT->ATC,62
AGC->AAT,138
ATC->CAC,1
GAT->AGG,72
TAG->AGA,120
ATT->CTA,53
GGA->CTC,46
GAA->GTT,192
AAC->ACC,158
ATC->GCG,4
GAC->TAA,148
CCC->AGG,140
GGG->ACT,289
TAA->GTG,108
ACT->CAT,183
AGC->AGG,78
TAG->TAA,54
ACT->TCC,3
ATA->TGT,26
CCT->CGA,523
TCC->TAT,277
TCG->GGC,1
GTN->GGT,1
ACC->TTT,195
AGG->ATG,401
CAN->GCC,3
AAG->CTG,57
TAG->CTA,10
GTN->AGC,1
CCA->TAT,36
CTT->AAA,34
CTN->TCG,1
AAG->CGT,34
AAT->AAG,55
ACT->TAA,1
CGA->TGT,20
CCA->GCT,513
GAT->AGC,50
TTC->GGT,26
TTT->GTC,93
AAT->AGA,85
CCT->CCT,292
GGA->TTT,51
TTT->AAA,53
GCN->CGT,3
TCT->ATT,45
AGG->ACG,89
TTT->GCG,9
AGN->GCC,1
TGG->TGA,242
CCA->CAG,125
TCA->GGC,523
AGG->AAT,187
ACG->CCA,26
TCC->ACA,293
GGG->ACA,373
AGG->CTA,15
CTT->GCA,140
CCT->GAA,47
GCG->TGC,56
AGA->TTA,29
CCT->GTA,45
AAT->GCC,33
ATN->CCA,2
ATT->TCA,1
ATA->TTA,23
CCT->GCG,77
ATC->GTA,26
CAT->GGA,92
CAN->CGT,1
AGT->CCC,196
GCA->GCG,130
TGG->CTA,14
AGA->GAA,441
TAC->ATG,60
ATG->CAG,49
GCC->TAC,216
AGA->GCG,89
GCT->AGA,89
TGT->CTA,149
CCG->AGG,843
AAN->CCG,1
TGT->GCT,115
GCA->GCC,336
CTG->TAT,102
TCA->TAT,35
TCG->CGG,37
CGA->AGA,2
GAC->GCT,60
GCN->GAT,4
ACN->GTG,1
ATA->TAG,30
TTN->ACG,1
CAG->CAG,86
TGT->CCG,38
AAA->GTC,193
TGG->CAT,33
CCT->AGC,148
TGG->TAC,115
TTN->GTG,1
TAA->CGC,27
TTT->AGA,57
TCT->CAT,252
TCT->ACC,86
ATT->CAG,158
GAT->CTT,190
CGA->GTT,31
GGN->TTG,1
TCA->TTG,69
GGA->ACT,1
CTG->GCC,1
GTC->GTT,22
TGT->TCA,1
TGG->ATG,293
CAC->ATC,167
GAT->TCC,1
GTC->GCA,16
TTA->CTC,80
AAC->AAC,112
AAC->TAC,231
ATC->TCA,168
AAC->TAG,392
GAT->ATA,55
CAA->CGA,92
TTG->ACC,165
GGN->AAC,1
GCA->GTC,419
CGA->AGC,2
CAN->CAA,2
ATN->GTT,1
TTC->AAA,83
TGT->GAG,85
GTT->GAA,49
CAC->CAG,1
GTN->TAC,1
CGC->TTT,40
GCA->TAT,59
CCG->CCT,34
CAN->AGA,1
CGA->TCT,10
AAT->GGT,103
ACT->GCT,63
TTA->TGC,21
TTG->TTT,143
CTG->CCG,27
TCG->TGT,49
CCA->GCG,160
TAT->CGT,420
ATG->TAA,126
TTC->GTA,29
TCC->TTC,429
TAG->ACG,10
AAG->CCC,10
GTG->GCA,1
GGT->GCT,116
CTC->TGC,382
TTC->AGT,42
CGT->AGT,29
GCA->ATT,1
GGN->CGG,3
CTN->GCC,1
TTA->GGA,183
GAT->ATG,61
CGC->AGA,13
GGC->AGT,80
CCA->TTA,29
AGG->CCC,46
CTC->AAC,163
ACT->GTA,35
AAT->GTA,29
TGC->GCC,65
AGA->AGC,1
GGA->CGC,70
TCG->CAA,35
GAA->CAG,97
ACA->TTA,39
GAC->GCC,34
TGC->CCT,1
TTN->CGG,2
GCT->CGC,375
GAC->AGC,51
ATT->AGG,36
TAG->AGG,97
TGC->TCT,433
ACA->TCT,89
TTC->ACT,163
GTG->GGG,1
TCN->GAG,1
GAC->TTT,208
GAG->TAC,128
GAG->TCC,193
GAC->AAG,149
GGT->GTC,99
GGT->CCT,272
GTN->GGG,1
CCG->ACG,182
CTC->GAA,44
CAA->TTC,55
AGT->GCT,161
TCA->GTA,284
GGA->GGG,243
AAN->TCT,2
CGA->ACA,1
GGA->GCC,225
TGN->GGG,1
GTN->CTC,2
CAG->TAT,113
CAT->GCA,75
CGA->CGG,58
GCG->CAC,11
ACT->TGG,1
TTT->AGC,65
GTG->ACT,186
GCG->CTT,10
AGN->TCC,1
CTA->CCG,17
CAC->ACG,38
CAT->GTT,61
ACC->TTA,74
TGA->GCC,305
GAA->GCA,352
TTT->GGG,85
TTA->GTT,157
CAC->ACA,170
GGA->GAC,207
GCA->CCC,73
GTA->CCC,43
CGC->TCT,105
TCT->AAC,36
CAT->CCG,65
AGA->GTG,304
CAC->AAA,159
AAT->AGC,73
TCN->AAC,2
CTA->TCT,59
CCC->TTG,344
GGN->GCA,1
ACC->ATC,154
CGT->TAG,1
TCT->TGG,1
TCA->GGT,303
CTA->TTT,24
AAT->CGC,475
AGG->AAA,361
ATA->CCT,71
TCC->AAT,198
CCG->ATA,596
CAG->CTG,63
TAA->TGA,39
AAC->ATG,130
TAT->AGG,38
CAC->GGT,24
AAC->GTC,47
GAT->ACT,36
TTA->TGA,47
CAA->TGA,85
CTT->AGC,90
CCT->GCT,134
ACA->AAA,2
GCA->TCT,117
ACT->GAT,34
GCA->CTC,78
CCA->TCT,163
GCT->TGA,1
TGT->TTA,1
TGA->TGT,45
TGT->CAC,194
ACG->ATC,681
CTG->AAA,201
TTC->ATA,50
GCA->GGA,523
TAG->TGG,44
CAA->TAT,68
AGC->TAT,135
AGA->TTG,67
GCT->CAG,186
CGC->GTT,8
ATT->GCG,12
AAG->TGT,110
TCG->GGG,1
TCC->TGT,576
ACN->GCC,1
TCC->ATG,179
CTG->ACT,334
GGT->GTG,133
CCC->GGC,61
CGG->TCG,33
AAA->GAA,272
GGA->TTA,27
TTG->TTG,134
GAT->GTT,67
CGG->ATT,22
TAC->TAC,204
CCT->ATA,40
TAT->CTC,143
CGN->CAG,2
AGT->CTA,91
CAG->AGC,324
TTG->GAT,1
GGT->CAA,147
ACC->TCC,237
TTA->GAC,98
GTC->CAC,3
CCT->AAG,36
ACA->GAT,323
GGT->GAC,51
GTA->TCT,30
AGA->CAT,73
ACN->CAG,2
ACA->ACT,1
CTT->GGA,107
AAT->CTG,443
GGT->ACG,21
CAG->ACA,454
AAA->GTA,180
TCN->GTA,1
CCC->GCG,62
AGA->TGC,56
GGC->GCC,48
TGA->TTG,46
CAT->GGC,97
AAC->GCT,37
GTG->TCT,207
TAG->TTG,48
CCT->CAG,330
GCN->CTT,1
AGA->GAT,193
GTT->AAT,13
CCG->ATT,719
TTA->TTG,38
ATA->CCG,6
AAN->CCA,2
TTA->TAC,13
CCN->GGG,2
GGN->CTG,4
AGA->CCC,116
GAC->TAT,215
TCA->TCG,86
CAG->AAG,394
TTG->CAT,28
ACC->TTG,243
GAC->TCA,194
CCC->TCA,349
GAC->CCG,2
TTG->GTC,1
ACA->CGC,71
GGT->CCC,203
CTG->TTA,104
AGT->AGT,80
ACC->GTA,16
ACA->CTA,38
TTG->TGG,186
GCC->GAG,80
ACG->ATG,993
AGG->AGG,250
TTT->ACT,37
ACC->TGT,559
GAG->TGT,132
TAC->TCC,189
AGN->ACT,2
CCG->TAA,53
CCA->CTG,62
TTC->TCC,344
TGN->GCG,3
AAC->ACG,24
TTT->CAT,181
TCC->TCC,384
AGT->ACA,55
TAT->AAC,14
TTC->GGG,14
CTN->GGT,1
TCA->TGA,79
ACG->GGC,4
ATG->GTG,1
GGG->ACG,62
TCA->TAC,38
ATG->CAT,27
GTG->TTG,187
AAT->ATA,32
CCT->CGC,557
TGN->AAT,1
ACC->GTG,44
TCT->TTT,1
AGT->AGG,143
AAG->GCG,1
CCN->CTT,1
AGC->GCC,41
ACC->GGG,12
AAA->CCC,115
GTC->TAT,67
TCA->AAG,3
CCG->CGG,52
GTG->CAA,23
TGA->CGT,56
AAC->AAA,202
CGG->CTA,2
CGA->CTT,20
GCA->GCA,380
ACT->ATA,31
AAA->CTG,84
TCN->CGG,4
CGN->CTT,1
GCT->CCC,224
ATG->ACT,160
GCT->CTG,210
TAC->TTG,261
ATT->AAC,46
ATA->TAC,24
CGC->GTA,4
TAT->TCA,1
CCN->TTG,1
CAN->ACC,2
AGC->TCG,69
TAC->CTG,1
AAC->TCC,277
TCA->GGA,498
ATG->GGC,3
CAT->GAC,41
ATG->GGA,2
TAT->CGG,361
GGT->ATT,95
TAC->CCT,1
CTG->TCT,280
TGC->CAT,1
CCT->GGG,101
TTT->ATC,69
GAA->CTT,48
AGT->CCT,227
CAT->GAG,82
GAC->TAC,242
CGA->CAA,12
TCC->TGA,443
TCN->GCC,2
AGA->GCA,456
CGA->GCG,13
TAC->GTG,17
AGC->TAG,332
TGT->TTT,2
TGG->AAG,244
GAA->TAT,89
GGG->TCC,190
CAG->GGT,1
CTT->GTT,94
TCG->CGC,32
AGA->TAC,36
TAC->AAC,38
CGC->ACG,32
ACT->GAC,38
CAG->CGT,50
ATA->CCA,59
TCT->AAA,57
TCT->GAT,29
CTC->TTC,236
TGT->CCA,274
CAA->GAG,385
TAG->CGT,14
TCN->GCG,1
CCT->ATG,81
AGC->TCA,335
CGN->TGG,3
CTA->TGC,15
ATC->TAA,69
TCA->CAC,75
TGA->GGA,267
CTT->GGC,83
TCC->AAA,127
CCG->AAC,390
TGN->AAA,1
TGT->CGT,436
TGC->CAG,2
CCA->CCA,139
AGG->TCG,63
TAG->CCT,19
GTG->AGC,214
CCT->ACG,28
CTC->CAC,1
CAC->TGC,1412
TTG->GGG,1
CCC->GAC,77
GGN->GTC,1
TGG->CAG,72
GAT->CAG,376
GGG->TGG,130
TTC->TGG,428
GCT->TCA,1
TCA->AGC,1
GAN->TCG,4
GAG->CCA,42
TCT->CTG,355
TGC->ATA,73
CAG->TGT,173
GTT->AGG,56
CTC->GCG,32
TAC->CCA,1
AAC->TAT,216
ACA->GCG,111
AGC->GCT,89
CTT->CAG,297
AGG->AGC,261
GAG->AAG,337
AGC->AAA,238
AAC->GAC,26
AAT->GCA,53
GGG->TTG,184
GGA->ACA,2
TAG->ATG,89
GGA->CAA,121
ATN->GAT,1
GGT->CGT,312
AGT->AGA,160
AGG->CGA,38
GCT->TTA,1
CAG->AAT,268
GGA->ATA,1
CTG->TGC,177
TGN->CCG,2
TGT->GTC,94
GGT->TGC,1
CAG->TCC,285
GGT->CCG,38
GCG->TGA,80
TGA->TAG,50
ACT->CTA,83
TGT->AAC,33
TCA->TGT,66
TTA->TCC,48
AAC->AGA,58
TAG->GAG,1
CTC->TCC,437
CTC->AAT,98
TTC->GGC,19
TCC->TAA,143
GTT->CTG,168
ACG->TAA,53
AAC->TTA,88
GGT->ATG,109
GTC->ACG,19
AAC->TTG,408
GTT->CCT,173
CTT->CAT,280
GCT->GAT,32
TCA->GTG,573
AAT->CTC,219
AAC->TGC,696
CCG->AGA,539
TAA->CGA,53
CCG->CAG,59
ATG->AGT,137
ACG->CAT,14
CAG->TCG,46
GAN->GGC,1
CAT->GAT,54
TGT->CCC,337
CGG->TGC,83
AAG->AGC,212
CTT->TTT,1
GCC->ATC,193
CAC->GTG,69
TAT->AAG,16
CTN->ACG,1
AGT->AAT,35
GCC->AAG,169
GAC->CTC,1
GAN->AAG,1
AGA->GTT,188
GCG->CGT,27
GAG->GAT,2
GAG->ATA,163
TGT->CAA,221
GGA->AGA,2
GGG->CAT,29
ACN->CCT,2
TCT->CCA,329
AAC->GGG,19
GCA->GCT,367
GCG->AGC,478
TGT->GAC,45
TCA->TAA,100
CCC->TGT,557
GAC->CAG,2
TAT->GAT,17
TTT->CTA,100
TTN->CGC,2
ACC->ACC,196
CCA->GTT,654
TGC->TAT,214
TGT->CCT,375
GGT->TTC,1
CGA->GTA,30
CTC->CGG,1
GGN->TCG,2
CCN->GTT,3
GCT->GCC,96
ATC->AAG,101
GTC->TAG,106
GGT->ACA,77
CGA->TTA,1
CTC->GAC,55
GTC->ACC,113
GCC->GGC,36
CCG->TTG,70
CTA->CAT,70
TAT->CCG,25
AGC->AAG,276
CGA->TAG,11
TTA->GGG,160
GCN->CCA,1
ATT->GCT,69
ATA->GTT,220
TAA->GTT,70
CGT->CAT,26
GTN->ACA,1
TAT->ATC,31
CGC->CGG,1
CAC->TAC,426
AAA->GAG,298
AAC->TCA,194
TGT->GGC,84
CAG->GGA,2
GAA->TCC,104
GAT->CCA,187
GTC->GCT,36
GTN->GAG,1
CGN->ACC,5
TGN->ATG,1
ACC->GGT,21
GGA->CTG,76
ACC->GCC,53
GAC->GCA,55
TAG->ACC,90
AAG->ATT,144
GTG->ATA,161
CGT->ACT,22
GCA->TGT,77
GTG->TCG,39
AAG->TAC,87
TGG->AGC,233
CCT->ATC,102
GGT->ACC,48
CAT->GTC,112
GAT->AGA,102
ACG->CGG,15
TTA->CGT,42
AGA->ATG,1
CGC->CTT,1
CAG->TGC,271
GTC->AAA,69
ATT->CGC,270
GTN->GAC,1
AAN->TAC,1
GAC->CCA,2
TAG->CTG,11
TCT->ATG,66
CAC->TCA,375
ACG->CCG,8
CAA->GCG,98
GAT->GGC,81
TTG->TAA,112
GCG->GCA,4
TTG->AGT,88
GTA->CTA,12
CCG->GAC,2
ACG->TAG,59
GCA->TTC,48
CAC->AGA,79
ACA->TAA,51
GAG->TAT,112
CGN->TTG,1
GAA->GGG,348
TCG->TAC,20
AAC->CAC,1
CAG->GAA,3
AGC->TGG,708
CCA->CGC,114
ATG->ACA,221
CCN->AAC,1
TCA->TCA,122
AGG->TGC,149
TAA->GAG,129
CTA->GAA,268
GGC->TAC,186
TAC->TTT,144
CAC->TTC,405
GTT->GGA,61
TTG->TAC,58
TTT->GGT,100
TAC->TCT,181
CTC->TAA,128
AAC->GAT,36
CGC->ATT,16
CGA->AAG,1
CCN->GTA,1
CAT->TTC,2
CAA->TGC,78
ACG->TCC,107
CCT->CTA,115
TAG->TCC,88
GTG->ACC,170
TGN->TTC,2
AGG->AAC,190
CCC->GAG,139
AGT->CAT,236
GGA->GTT,221
CTA->CAA,50
TTT->CAC,173
GTT->AAC,11
CCA->TCG,70
GAC->ATC,116
TGN->GGA,1
AGG->CAG,95
ACG->TTG,88
CTG->CCC,52
CTA->GGC,241
CAC->GAT,41
GCG->CCT,14
CCA->TAG,98
GAN->CGG,4
TGG->CCG,21
CCN->TGG,1
TTC->TAG,208
AAC->AGC,40
CCN->CCA,1
GGA->AAA,3
AGC->GTC,61
CAG->CCA,70
TCA->CTG,64
CTN->CAA,2
CTN->TTC,3
AAT->GTC,57
CAT->GGT,111
CGT->CTG,44
GTA->TGC,29
ACA->ATG,1
CTA->GTT,392
GCA->CGC,141
TGN->GTT,1
GTA->CTT,16
GCG->CAG,38
GGC->ACG,75
CCA->CGT,74
ATA->CTG,48
AGC->CAA,1
AAT->CAG,480
GGT->CTC,259
ACA->CAA,135
GGG->CAC,29
GCT->TGG,1
TGT->TAA,1
TTG->TCG,13
TTC->GAT,34
TAG->CGG,25
TGN->CCA,2
CGA->CAG,35
CAC->TAA,197
GTT->AGA,45
TGT->GTA,44
GGA->CTT,49
CTT->ACA,61
CGN->CGG,3
ATN->CTG,1
TAG->CGA,9
GAG->GGT,1
TTC->AGC,32
ATG->ACC,174
CAT->CGA,650
CAG->CTA,24
CCG->CTC,30
AGG->CTG,55
TCT->GCT,93
TCA->TGG,96
ACG->CCT,26
AAA->TAT,87
CTA->CGA,25
CGG->ACA,90
TCN->GTG,2
CCG->CTG,30
CAC->CTC,4
CGT->CAG,61
GGT->GTA,63
GTT->GGG,86
AGC->CAG,1
TTG->ACT,127
GGT->CTT,176
AGN->GGC,1
ACT->AAG,30
CGA->CTG,14
CCA->TTT,167
GGN->TGC,1
CCT->CGT,453
CCG->AGT,474
CGN->CTG,2
CGG->CAG,25
TGA->AAA,2
CTC->TTT,199
CTG->CAG,61
GTC->TTG,165
TTG->CGT,23
GGT->AGG,196
ATN->ACC,1
GAG->TTA,53
CGG->AAC,31
CGN->CAT,2
GTT->ACA,58
CCT->CTT,259
ATN->CCC,1
GAA->GGA,387
TTA->TTA,22
AAT->ACA,66
AAN->ACC,2
TGG->TTT,130
ACC->GCT,31
TAT->GCC,44
AAN->CCC,2
GGG->AGA,335
ACC->TGG,416
ACT->ACG,37
CTT->CCG,32
TTT->ATG,41
TAC->GGC,14
AAC->CTC,3
CAC->TTA,138
ACC->ATT,105
GCC->GTT,36
CGA->GGT,39
TCT->CCG,53
TCT->CCT,387
AGA->CAC,109
GCT->GGG,116
AGN->GCA,1
CCA->GTC,691
TAA->CTG,27
CTA->CTG,54
GAN->TCA,2
GTT->CCC,158
ATT->ACT,37
AGG->GTT,1
TTC->ATG,124
GAA->TCA,85
TGC->GTC,46
CCG->CGA,21
AGA->GTC,195
AGG->TCA,229
ATT->ACC,64
AGT->GGA,100
ACG->TGT,108
GCT->CCG,42
TGG->CCC,50
CAG->CTT,53
CGG->TAC,25
GGN->GGC,1
TCC->TCT,409
GCT->ATA,33
AAT->CAA,239
TCG->AAG,321
GCT->AGC,87
GTG->AGG,234
GAN->CAC,1
GAC->TGC,648
TTA->GCG,17
CGT->GGA,37
CAC->ACC,229
ATT->GTT,77
TCN->TCG,2
AAN->CGT,1
GAC->GGG,27
ATN->GAA,1
TTG->GTG,1
CAT->CCA,374
ATC->GAG,25
GGC->TTC,257
AGT->CTG,331
AAG->AAT,117
GGT->GAA,79
CGG->TGA,51
GCG->ACG,165
GCG->TCA,68
ACA->GCA,545
CTC->AGG,90
TTG->TAT,82
ATT->CAC,152
CCG->TCA,82
CAG->TAA,174
ACN->CGG,5
AAC->GTA,23
GTT->CGC,158
TCA->CCT,130
TAT->GAG,28
ATG->CGG,52
GGG->TTA,68
TCG->GGT,1
GGT->ATA,44
GAT->TCA,1
TCG->CAG,25
TGT->AGC,85
ATA->CAC,45
TGA->GAC,146
CTC->GAT,36
CCG->CCA,43
TAA->GCG,16
TAN->TCC,1
GTC->TTT,94
TAC->GCT,26
GCN->AAC,1
AAC->TAA,159
GCN->ACG,1
TAG->AGC,95
TGN->CGA,1
AAG->GGC,1
TTG->AGC,136
CTG->TGG,267
CTT->AGA,83
GAC->GTG,30
TCN->TGA,1
GAN->CCC,2
TCC->GTG,59
AAG->ACT,172
AAA->TCA,118
GGG->AAC,216
CCT->CCA,327
GCA->TAA,64
GAC->TGA,644
CAT->CGC,842
GAC->AAT,100
ATT->CGT,223
GAA->TAC,68
ACA->TTT,57
GGN->CGT,1
ATG->AAT,92
GGA->CCC,60
GCA->AAA,3
CTA->TTG,34
ATG->GCT,1
GCN->GTG,2
GCC->ACA,193
TAT->GTT,29
CAN->CAC,1
GGC->TGA,461
TCG->ATT,444
GCG->TGT,39
TCG->AGG,514
CGT->ACC,27
TTG->GGA,1
GGC->ATC,174
GCT->CAA,141
GAT->TGC,1
AGC->TTT,160
GAA->CAA,112
GCC->GTC,54
ACA->CCG,21
CTG->TGT,130
TAA->CAT,60
AAC->CCA,1
GTN->TCT,1
AGG->TTG,161
CCN->TCG,5
CTG->CTG,74
CCA->GGT,335
GTG->CTA,9
AGC->ATT,104
GCN->GGC,6
GGN->GAC,1
GTN->CGC,1
GAC->TGT,634
TAT->GAC,18
CAA->GTG,756
AGA->CTG,94
AAC->GCA,40
CGC->TAC,43
AAA->GCT,195
CGA->GAT,42
TAA->TAA,46
ATN->CCT,2
CAA->CAT,110
ATG->TTC,105
CGT->GAC,4
TGG->CTT,28
ATC->TTT,132
ACG->TAC,31
GTA->GTG,307
AGT->CAC,187
GCG->GCG,2
ATT->GGA,62
GAA->GGC,343
CTG->ACG,61
TAT->AAA,23
GGC->ACC,150
GCT->GCT,91
CTC->ACC,238
CAT->TGT,1
GTC->TGC,171
GTC->TCG,13
CAT->TGA,1
GTT->GCT,62
TCG->ATA,399
GGC->TGG,669
CTA->GAG,323
CAT->CTA,129
AGC->GAA,32
AAG->CGC,35
AAC->ATA,49
CAG->ATA,297
ATT->GAA,67
TAN->CGG,5
TGC->TAG,403
ATA->GCC,172
CGG->TCA,38
TCG->CGT,9
CTG->TAG,180
TCA->TTC,91
TGC->CAC,2
AAT->AAA,78
TAG->AAA,121
CAC->AAT,138
CCA->TGG,152
GCG->TTA,39
TTN->GCG,1
TGA->GAG,231
AAT->GAT,47
CAT->ACA,79
CCN->CGT,1
GTC->ACT,112
GTG->AGA,233
CTA->TAT,22
TCN->GGG,1
CTT->GAT,49
TGC->CCA,1
CTA->CCA,64
GCA->CCA,72
TAG->TAC,55
ACA->GTT,494
AAA->GTT,147
TGN->CGG,3
TGG->TCC,240
ACN->CCG,4
GAT->GGT,77
ATT->GTC,69
AGG->CGT,51
GGT->CGC,312
TTN->CCG,1
TCA->GTT,379
CGC->GAC,20
ACC->TCG,49
GAN->TGA,2
ATA->CGT,32
GGT->CCA,230
AGG->CAA,61
CTC->GGT,29
TGC->GAG,81
GCT->GAC,26
CTC->TGT,415
CGN->TTA,1
GCN->CGA,4
TCA->CGA,73
GCT->TCC,1
ACA->ACA,5
GGA->GGC,175
CGG->CGG,65
TCG->CCT,16
AAT->CTT,155
TGA->GTG,254
CCG->TGA,74
AAT->CTA,76
CCT->AGG,138
TGA->GTA,136
CTA->CAC,69
CCT->ACC,162
CTA->GTG,581
CTA->AGA,1
TCC->GTA,17
ACN->CGC,2
GCT->CCA,218
TTC->TGA,296
AAC->TGG,968
ACT->ACT,68
GGN->CCT,1
GTC->GAA,12
GTN->CCG,1
AAT->TGG,1
CTA->TAC,17
GTG->AAT,117
TAT->AGT,34
ATC->CAG,1
GGN->GAT,1
CGA->TTG,16
CGN->ATC,5
AAT->CCC,180
CTT->GTA,54
CGC->AGC,43
CCN->GTC,2
AAC->CAG,3
CGA->ACT,2
GTT->CAT,84
CGC->GCC,54
AAA->GGT,237
CGN->TCA,3
GTA->TTG,19
AGC->GTG,51
GCC->TTG,320
TTA->CTG,84
GTC->CCG,1
TCN->CAG,1
TCT->GTA,29
GCT->ATT,47
GGG->CCA,54
TGN->TCG,3
GAC->TCT,252
AGG->ACC,303
GCC->TCG,56
ACT->CAA,168
GCG->ACT,388
TGT->AAT,38
GAA->TAG,116
CTC->AAG,138
TCN->ACT,1
TGA->TGG,81
TTN->TCA,1
GTA->CTG,33
CGA->CGC,34
ACN->AAC,1
CGT->CGC,138
CTT->AAT,29
GCN->GTA,1
ACN->TCC,1
GTA->GAT,153
GAT->GCT,52
GCC->GGG,26
CAC->CGG,1
AAC->AGG,58
TAG->TAG,60
AGG->AGT,193
CGT->GTA,7
CAN->CCA,2
GAA->GGT,215
GGA->TCA,61
AAA->CCG,28
GAA->ATG,1
TCG->TTG,68
CTC->GTA,73
GAA->TTC,51
TGG->CGA,61
GAC->TTC,199
GTC->CGT,1
AAG->AGT,218
TAA->CTA,11
TTC->CGG,1
GCA->GAA,328
TTT->AAC,18
TGC->TAC,271
GCA->TGC,85
GCN->CCT,1
AAC->ATT,52
TTT->CGT,361
TGG->TAT,160
CCN->GAC,3
TCC->TCA,392
ACG->AAT,379
GGA->CGG,151
GAG->CAT,29
CAC->GAC,41
GAA->TGG,90
GGT->TCA,3
CAA->CTG,98
TTG->CCG,4
CTA->TGA,39
TAC->GAG,43
TAT->CTT,162
CTA->TCA,55
TGA->GTC,180
CTC->ACA,204
GCA->AGA,2
GTC->AAC,61
GCA->GGT,431
AGC->GAC,27
TGG->TGC,152
CGG->TAG,35
TTG->CCC,30
AGG->ATA,224
GTA->TCG,3
TAT->ATA,14
CAA->GAT,265
GAT->ATC,92
GTC->GAG,46
ATC->ATT,62
CAT->ACC,57
AAN->ATA,1
CAC->GGA,32
GTA->GTT,186
CTN->CCA,1
GGG->CTT,32
GAN->ACA,2
AAG->CAG,75
TCC->AGC,61
TCN->GAC,4
CGG->ACG,37
TCT->GAC,40
AGC->TTA,81
CCC->ATC,172
CCT->CAT,209
GGT->AGA,111
ACT->CCT,216
TGA->GCT,243
AAG->GAG,2
TTT->AAG,25
GAG->CTC,26
AAT->ACG,17
TTT->CCC,349
CCA->CGA,56
GGG->CTA,14
GTC->AGA,22
TCT->AGC,119
TCG->CTT,24
CGC->AGG,37
GCT->GGC,126
CGT->CCG,26
TTT->AGG,61
TTT->ATA,25
TCG->ATG,690
CAT->AAC,24
CTG->TTT,136
ATG->TGT,137
TAA->CCA,53
GAC->GGC,25
CTG->CAA,39
GCT->GTA,20
GCC->TAT,157
TCN->AGG,2
TTG->TTC,110
CGA->CAC,10
GTA->TGG,25
CAT->CAA,190
CGN->TCG,2
GGA->GTG,261
TGT->ACG,13
GGA->CCG,29
AAG->AGG,287
GCG->TAC,19
TGG->ACC,329
CTT->GCT,141
ACT->AAC,32
GAT->GTC,65
TGA->AAC,1
CGN->AAT,2
TCG->CGA,8
CAG->AGA,393
GCN->GAA,1
CGT->CGG,149
CTT->ATC,88
CCA->CTT,96
GCG->CTC,27
GAT->GAC,41
CGC->GTG,27
CAG->TCT,274
GTN->ACC,1
CCT->GTT,78
GCG->AGA,620
GCG->AGT,481
GCG->TAG,33
AGC->GTA,24
AGC->GTT,34
GCA->CAC,42
AAT->ATT,67
AGG->CGG,75
GCC->GAA,39
GCN->CGC,7
ACN->TGC,2
TGC->CTT,1
AAT->GAA,92
GAG->GTC,1
AGN->CGC,7
ATA->CGA,39
GGN->TGA,1
TGT->AAA,95
ACA->TGT,51
TTG->CAG,39
CCT->GGA,102
AGT->TCT,1
ACN->GTC,2
TCT->CAC,258
CTG->TTC,164
AGA->TTT,58
TGG->GAG,1
AAG->CCG,17
CCN->AGA,1
AGA->TAT,40
AAT->GGC,79
TAT->ACG,5
AGT->ACC,58
CCT->CTG,305
TTG->ACG,13
CAT->GCC,75
ATT->CTT,102
GGC->TAT,184
TAG->TGA,60
ATG->TCA,179
ATG->CCT,23
CAT->AAA,28
CTA->CTC,72
ATG->CTG,44
TGA->TCA,71
GCC->TAG,201
GGA->CAT,87
CTA->TCC,53
CAT->TCT,1
GGG->CCC,51
TGC->GCA,40
CCN->CTG,1
CAT->CGT,766
TGC->GGC,27
ACT->CCC,231
ATC->AAA,136
CAG->GGG,3
ATG->AAA,196
GAA->CCT,73
CTC->CTC,6
TAA->GTC,81
TCT->GGG,102
GTG->CAG,44
GTT->CGA,154
TAT->CCA,168
TAT->CGC,274
CTT->GAG,37
AGC->ATA,100
TAA->GAA,106
GGC->ATA,79
GAG->GCA,2
GGT->CAT,178
CCN->TGC,1
GTA->AAG,1
ATN->CAC,2
TTC->GAA,62
GTN->CAG,1
GAG->CGG,57
TTA->GAA,159
GGT->AAA,33
GAA->CTA,30
TTT->CGG,395
ACC->ACT,214
TTA->TTT,64
GGC->CGC,2
GTT->CTA,42
CGG->AGC,61
TGN->AGC,1
GAT->GCG,10
ATG->TGG,121
TTT->CGA,254
TCG->TTT,35
ATA->GGT,158
CTN->GGC,3
TTA->GAT,83
CGN->ATG,1
GTN->CGT,1
TAA->GCC,110
ATA->GAG,269
ACT->ATT,102
ACT->AAA,33
GAG->AAT,146
GTT->GTT,57
CAA->CCC,151
AGG->TTT,117
ACC->AGG,56
TAA->CGT,22
CGA->AGT,1
CGG->TTA,6
GGT->TAA,1
GTC->ATC,118
CCG->ACT,692
GTC->AAG,86
TTG->ACA,161
AGG->TAA,208
CCT->TCT,2
GCA->GAT,234
CGA->CAT,20
ATC->GGT,29
AAA->TAC,59
ACT->CGG,335
TGN->TTG,1
GTG->CGA,75
CTC->CTG,1
TTT->GAC,42
CAC->GGG,38
ACG->ACT,524
TGT->GCA,93
GGC->TAA,131
CAG->TAC,107
TAC->TTA,59
GAG->CAG,63
TAC->AAA,87
ACG->GGG,1
AGG->CTC,39
CTG->TCA,283
CGA->CCA,28
TTA->GTC,148
TGC->TTT,260
CAN->CCC,3
GAN->AAT,1
ACC->GAC,34
