ATA->GTA,743
TTC->ATA,560
CGA->GGC,204
ACT->GTG,131
CGA->TTC,24
TAA->CTG,53
GTG->GAG,3
ATA->TCA,89
TTA->TTA,231
GAA->AAG,14
GTA->CGC,55
ATT->CCG,52
TCG->TGG,269
CGG->ACA,3043
GCC->AAC,314
GCG->CCA,130
CTT->GGA,176
AAC->ACT,505
GCA->ATC,6
AGA->GGG,1139
ACA->CTG,224
TCC->TGC,4964
CTC->GTT,453
CGT->CTG,208
TAG->TCT,650
GGG->AAC,12692
CTA->AGG,4
ATG->CGA,221
AGC->TAC,11688
AGG->TTA,211
GGG->TCA,735
AAC->CAA,9
CGC->GGG,76
GAT->TAG,1
TGC->CAT,8
GGC->GGC,160
CGC->CCA,7
CCC->CTC,1
CAC->GGA,193
TAG->TTA,223
CGA->GTC,115
CGA->GCA,237
ATA->GTC,417
GAT->GAG,245
TAA->GCG,56
TGC->TGG,5536
TTC->GTA,212
ATG->AAT,22700
GTG->GTG,6
GGC->GTG,381
GAC->ACA,268
TCC->TCC,14093
CTA->TTA,90
GTC->ACA,342
ATT->CAA,494
CTA->CAC,90
TTA->CGG,79
CCA->ATC,3
ACT->TTG,2
ACA->TAC,49
CAG->GAG,28
ACG->GTT,1
CCC->TGG,8419
ATC->TTA,18774
GTA->TTA,60
GTC->TGG,3908
TGC->TAC,11433
GTA->TCC,44
TCG->CTA,137
AAT->ATT,761
CAA->GCC,995
TTG->ACT,18140
TAA->GTG,390
AAG->AGT,18930
CCG->ACT,5136
CAG->TTC,210
ATA->GCA,525
CAA->GTT,895
CTA->ACC,1
ACA->AAA,86
AAT->GTC,91
AAG->CGG,201
GCG->TAA,76
AGA->CTT,146
TGT->CCT,1116
TAT->TTC,1
ATA->CAC,75
CTA->CAA,153
CCT->CTC,977
CGT->GGT,42
GTG->ACT,12028
GCT->CAA,412
CTG->GGA,8
CAT->CGC,1920
CAT->TCT,1
TTT->GTT,1037
TCC->CGA,1
GGG->AGT,9479
ACC->TCG,2730
ACA->GCT,926
TAA->GGC,286
GGC->ACT,844
ATG->GAA,5
TGC->GGG,269
TGT->TTT,75
CTC->AGG,393
CTT->ATG,124
GGC->CCT,1
ACG->ATC,3816
CCA->CCG,120
AAA->TTG,153
GCG->CAA,82
CGT->CAA,72
TCG->AAA,4686
CGT->ACT,32
AAC->GAC,159
ATA->TGT,80
CAC->CTG,2
CTT->TTG,1
CTG->TCG,152
ACT->AGG,160
TAG->CAT,146
TTC->GCG,34
CGA->TGT,47
GTG->TGT,366
GGT->TGG,6
CGA->CAC,20
GTG->GGT,4
GAG->CCA,212
CCT->CTA,329
GTA->GAA,447
CCG->CGT,131
GCT->CAC,559
GCC->GGC,158
GTG->AGA,11320
AAG->ATA,31439
AGT->ACG,31
CTT->GTA,108
TTG->ATC,13160
ACT->TCC,14
GCT->CTT,644
CAG->ACG,4165
CTN->GGA,1
GAG->TCT,1067
ATC->CTG,25
TCT->GCG,52
GCC->TAG,16475
GCG->AAT,4109
CAA->CAT,142
CCC->GAG,590
GCG->AAC,3030
GGG->ACT,15723
TAG->TAA,529
CTC->AAT,465
ATG->ATT,25357
CCT->CTT,827
CAC->TGC,5851
GAG->CTC,178
GTG->CTA,126
TGG->TAG,997
AAG->TAT,607
CAA->GGG,821
CGC->ATT,94
TCG->TTC,216
GCT->GTA,41
GTA->CCA,46
CTA->AAG,5
CAA->GCA,974
TAT->GAC,43
CGA->GCG,62
GAA->GTC,543
TTA->CCG,29
CGC->TCC,4857
CCA->CAA,292
GTA->ACG,1
CCT->TGC,7
CAC->ATT,307
TCC->AAG,544
TTC->TGC,4225
GTG->ATT,12187
GGG->TCC,699
TAT->CCG,47
ATA->CCC,123
AAC->TCC,11459
GTG->GTA,2
ATT->GTT,212
AGC->ACA,1284
GGA->TAA,110
ATG->GAC,1
GGT->CCC,770
ACA->CTC,147
TTA->ATT,4
GCT->CCG,181
TGA->GCT,686
GAA->AGA,4
TCA->TTC,308
CTT->AGA,165
ACC->TAG,12658
GTG->GGC,2
AAG->GGC,29
TTA->CAC,97
CCA->GCG,590
CAA->GCG,168
TCG->AGG,3994
TTA->GGT,455
GGC->CAC,1
TAT->TAT,8
GTA->TAC,27
CTA->TAT,57
CAT->ACT,208
GTT->CTT,475
TGC->TCT,26892
TGG->GAG,1
GCG->GTG,1
TGC->GAT,195
ATC->TAG,16673
GAC->TAT,15254
TAA->CAA,189
GTC->TGC,3141
CAG->TGC,660
ATG->GTT,8
TGC->GTT,205
GTC->AGA,130
CAA->ACA,1
AAC->ACA,475
GGC->CTT,3
GGG->TGC,438
TAC->ACC,178
AGT->AGC,217
GAA->GAA,934
TGC->GAA,367
TTT->ATC,150
TAG->GCC,22
CGC->TGC,2265
GAT->CGA,907
GTA->CAC,51
TCC->ACA,771
CGG->GAC,1
TTG->TAA,671
GTC->ATT,394
GAG->GGT,14
GCC->TCA,13727
TTG->CAC,135
GCG->TGT,173
GGG->TTA,175
ACT->TGG,3
CGA->TTT,28
TGC->TCG,2996
CCT->AAC,87
TTG->TCG,63
AGT->ACA,137
ACT->CTC,744
GCT->GCG,32
TAG->GAT,32
GGA->TGC,153
AAC->GGG,131
CGC->AGC,166
AGG->CGT,242
TAA->CGG,52
GAT->GAC,65
TAG->CGG,124
ACA->CAT,126
ACT->ACA,187
CAG->CGA,341
TTC->ACT,737
TTC->CAC,23
TTC->GTT,454
GCG->TTT,73
TCT->AAG,72
AAT->GTT,205
TCA->CAA,196
CCC->ATA,232
TAG->ACT,18863
ATT->CTT,1197
AAG->CTA,218
AAT->GAA,358
CTG->CGA,287
GAT->AGC,88
ATC->AGT,127
ACG->ACC,6105
TAT->AAC,59
TAC->AGC,59
ATC->GCT,187
ATA->ACT,3
AAT->ACA,178
CAA->CAA,235
TGG->ACT,19247
CTC->TTC,22636
ACA->TTT,179
TGA->TGG,253
TGT->GAT,110
TTC->TTC,34865
TGC->ATG,951
AGT->CCC,767
CTT->AAA,76
CCG->AAC,3946
TTA->AGG,1
GTA->CAA,112
CAC->AGA,207
GCG->TCG,156
TTC->CAT,28
AAG->CGC,133
GTC->CAA,12
CTG->CAA,355
AAG->ACT,27760
CCC->TAT,11670
AGG->ACG,6025
ATT->TAT,1
CCT->AGC,271
TTG->ATG,12433
CTG->GAA,4
CTA->CAG,104
GTG->ACG,1839
ACT->TGT,2
CGT->CAG,190
AAA->TCA,223
TCC->ATT,463
CGT->ACA,33
CGT->ATC,94
TGT->GTA,85
TAT->TGA,3
CAT->CAT,674
GGC->CCA,2
GAG->AGG,15175
AGT->AAA,217
CTC->CTC,33
CCA->GTA,702
TCA->CCC,196
ATT->GCG,22
CAC->GTC,273
ACC->GTA,103
GGT->GCT,212
TGA->CGC,176
ATG->TCA,502
AGG->GCC,5
GTT->GAG,99
TAC->GAC,106
CGG->AAC,2280
GCT->TCT,5
ATA->CGA,93
TCN->AGT,1
CGC->CCC,8
TAT->CGC,585
TGG->TTG,418
GGC->ACC,739
AAC->GTC,241
GAG->TAA,762
TGG->AAA,28287
TCG->TAA,225
GCT->GCA,154
CCT->TTA,1
ACT->GCA,117
CAG->AAA,47906
GGA->CGA,206
TGC->ACC,761
GCT->GGT,142
TAA->ATA,5
TGT->AGG,182
CCG->AAA,5803
TGG->AGT,11972
CTA->CGC,71
CTT->CAT,515
ACG->CTA,76
GCA->TCA,139
GCA->CCA,172
GGA->AGG,8
TTA->ATA,5
TGC->GAG,530
ATC->ACG,125
TCT->TAA,9
ACT->ACT,208
ATA->GCC,340
CGG->AGG,4361
AAA->CTA,193
GTC->TCA,11538
CGC->CGG,4
AAA->GCA,1005
GGC->ATA,412
CCA->CTA,62
GCT->AGC,193
TAC->GTT,176
GGT->CGC,1373
AGA->CTG,219
TAC->CAC,35
AGA->CGA,251
TCT->ACT,273
GGT->CAT,328
CAC->TTG,25094
AGT->AGT,195
GCC->TAC,10819
CAG->GGT,11
TCC->CTG,3
GAA->GCC,894
GGA->CGC,168
CAT->AAA,145
AGA->AGG,4
CCA->CGT,143
CCA->TCT,262
CAC->GGT,214
ACT->CCT,758
GTT->CCT,525
CGT->AGC,35
ACG->ATT,4569
GGA->TGT,166
TGG->ATT,12781
CCC->TCA,14616
TGG->TAT,513
AAG->CCT,298
TGT->ACC,117
CCT->ATG,215
GAC->TAG,20294
TCA->GCA,981
GTG->TTA,193
TAA->TCA,100
ATT->ATG,111
GGG->TTC,320
AAG->GTA,32
TCT->GCC,214
TTG->TCT,855
AGA->GTT,704
AAA->GCG,172
CCA->CGA,169
CAT->GAA,149
CGA->AGG,7
AAC->TTC,15426
AAC->TCT,16848
GTC->TAC,11025
GAT->CAA,393
CCC->TAA,11983
GCG->CCG,66
ATT->GAA,176
AAG->TCA,665
GTG->CAA,208
GGA->GGT,749
ATC->TCA,14299
AAC->CGC,1
ATT->CGC,950
GCT->CTG,804
TAA->CAT,142
CCG->TAA,103
CCT->TCT,5
GAC->GGA,148
GCG->TCA,298
GGG->CTA,108
CTA->GTC,736
ACT->CCC,760
AGG->TAT,519
ATC->TGA,2658
ACC->ATG,546
GTA->TTC,65
GAA->CAT,88
CCG->CTA,75
ACA->GAG,828
GGC->CCC,2
GAA->TAA,142
AAC->GTT,243
ATG->GAG,9
TGC->GGC,171
CCT->TGA,3
CAG->ATA,20392
ACG->GGG,4
CGT->TAT,2
AGG->ACA,26703
CGA->CGT,37
CGA->TCG,8
GCG->TTG,214
ACT->TAT,1
TGC->GGT,154
TTG->GCG,1
AGA->GCT,928
GAG->CTG,307
GGC->GGG,310
GGA->AGA,10
AGG->CGC,164
TCC->GTA,159
ATT->ACA,116
CGA->CTC,47
CCA->GAA,969
GAG->AGC,21810
TCA->CTA,114
TAG->CGT,104
TAG->ATA,16747
CAA->ATT,1
TCA->TCG,62
GCA->AGG,4
GCC->ACC,451
TCT->ATA,120
CTA->CCG,32
CGG->CCA,53
GAA->TTA,92
ACA->GCG,274
TGA->GGC,981
TAC->TCT,15641
TAA->CCG,11
TGA->CCC,169
ATT->GGG,101
TTT->ATT,702
CCN->TTA,2
GCC->GTC,271
TCG->CGG,171
GCG->GGT,1
TGT->GTC,140
TAC->CCT,3
CCA->TAT,62
TTG->GTG,6
GGT->TTG,1
ATA->GAG,525
TTG->GTC,1
TTC->GGA,104
CTG->GTT,4
AGC->GGG,295
ACC->GAC,210
CCC->TTT,18073
TAG->TCG,49
TAA->GTT,630
GTT->CAG,290
TGG->CAT,208
CGG->TGC,173
ACG->CGG,115
CCA->TGT,189
AAA->TGC,88
TCG->CCT,147
TGG->CAC,132
ACT->TTC,7
TGT->CCA,712
GGA->GTT,696
CTC->GGT,178
ATT->ACT,153
GAG->TAG,832
CGT->ACG,17
GCG->CTC,173
ACA->GGA,1184
AGC->CCG,1
CTA->GCG,147
AGT->TAA,2
AAA->GAT,1180
ACT->CGC,1484
CAG->ATT,19521
GGG->AGG,9527
GTT->AAG,27
GGA->GCG,223
AAG->AGG,17971
GAC->CCT,3
TGG->CCG,56
AGA->GTA,500
ACA->CGA,193
CCC->AGT,171
AAT->CCC,556
AAG->AAG,34135
CTA->CAT,103
GGG->TGA,453
GTA->CCC,113
TCG->CCG,44
CCG->GTC,1
GAA->TCC,132
TCT->CAC,654
CCC->AAG,967
AAA->TTC,103
GAG->CCG,55
CAC->AAC,325
TAT->TAA,8
GAA->CAG,173
GCT->AAG,55
CAA->TGA,158
GGT->GGA,147
TAG->TTT,394
CCG->CCT,258
GCT->GGG,362
TCG->TGT,183
GAC->TAC,9555
CAG->GAC,12
CCG->TTA,54
TCA->TTT,357
TGT->GCG,36
AGA->ACC,3
GGT->AGT,114
GCC->TTT,21446
ACC->AGG,175
TTC->GAT,290
CCC->GAA,281
ATG->GGG,11
GCC->GCA,256
GGT->TCC,1
TGG->CTA,144
CTT->AAG,52
AAC->AAT,401
CCT->TAC,1
AAG->GAT,48
CGT->GGC,55
AAT->GCT,130
AAT->AAA,775
ACC->AAT,339
ACC->GGG,131
AGG->ATG,20359
CAT->GCA,151
AAT->ATC,114
TTC->AGC,121
TCG->TTG,238
ATT->GCC,127
AAC->TAG,20341
GTT->ACT,59
CTA->GTG,1117
GCA->AGT,3
GAT->AGG,145
AAG->ATG,25832
GGG->ACA,16774
AAT->CAC,547
CCT->TCC,10
GGC->CAG,2
TAT->GTT,199
TGA->AAG,1
TGT->TAG,1
GCC->ATC,595
TTA->GCG,60
ACA->CCG,57
GAG->TCA,661
GAC->AAT,215
ACG->CGC,90
ACA->TTC,104
GGA->CGG,315
CTT->AGC,95
TGA->ACA,2
ACG->AAT,4185
GGG->GGG,1
CCC->GGG,362
TTG->CAT,238
TGG->CAG,504
CAG->GGC,11
CGC->CCT,1
CGC->TTA,1608
GGC->ATT,603
ACG->CCC,120
GCT->GGC,190
GTA->CAT,103
TGA->ATG,2
TCA->GCC,1261
TCA->TCT,326
TTG->ACC,13104
CCA->GCT,1806
AAG->AAA,71118
GGA->ACT,3
GTT->GTT,181
AAT->TGA,2
AAC->CTC,8
GAG->CAT,252
GTA->TTG,67
AAG->TGC,342
AGG->AGT,11965
AGG->CCC,342
TAT->CCT,583
ACG->CTT,102
ATC->CGC,1
GTA->CAG,69
TTC->AAA,748
AAC->CCA,4
CCC->ATG,596
CCA->AAG,4
CCT->GGA,187
AAG->CTT,235
CCG->CTG,259
TGG->TGG,719
AAG->CCA,273
GCT->TCA,4
CCA->TGC,293
ACC->GTT,127
GAT->ATA,77
TGG->GGT,1
AGG->TAA,865
AAT->TAG,4
AAT->TCA,1
AGA->AAT,11
CCA->TTG,156
TTT->CTA,819
ATA->CAG,60
GGG->GAG,1
GTT->GAT,112
TGA->CTT,122
GTA->GAG,603
CGT->ATT,34
TAG->CCC,132
GGT->GTC,147
CAT->TGC,2
ATC->CGT,4
GGC->ACA,932
TCN->TCA,3
TTT->GGT,225
TTG->ACG,1335
AGC->GAG,471
TCT->GTC,133
TGT->CCG,149
GGN->AGG,2
CTT->GGC,171
AGA->ACA,3
CTG->TCC,1121
ATC->AGA,203
TGT->TCA,3
GAG->CTA,161
GTC->CTA,10
GAT->AAG,68
CGC->CAC,1
ACT->CAG,411
CCA->TGA,184
GCA->CGC,172
CCC->TGA,4177
TAG->CTC,131
GAG->GAT,15
CCA->AAC,2
CTA->GGG,904
GAA->AGT,1
TCC->GAT,216
TTT->GCC,203
TTG->TTG,443
GTT->TGA,2
GTG->AGT,9512
CGT->GTC,24
TCA->CCG,47
TCA->CGG,188
AGG->GCA,2
CCT->GGG,317
TGT->GAA,167
GAC->CTG,2
TCT->CCC,1070
CCG->CAC,150
TCA->GCT,1640
CCT->CAC,606
GTG->CTC,238
CAT->CTT,862
TGT->TGA,4
GAG->ACT,17820
ATG->TCC,490
TCA->ACA,3
GCT->TAG,6
GTC->GCA,148
CAT->TGT,1
TCT->CCT,1245
CCT->AAG,73
TAA->CCC,81
GCT->AGA,247
TCA->GAA,978
CGC->GGT,52
ACC->AGA,187
TGA->TAA,157
ACA->TCG,31
CAA->GAC,440
CTG->TTC,366
TAG->GAC,15
ATG->CCA,196
AAA->GTT,889
AAA->CCG,45
GAT->AGA,306
ATT->AAG,57
GCA->AAA,5
CTN->CAG,4
ATT->AGG,86
AAC->CGG,1
CTA->CCA,163
GTT->AAC,32
TCT->CAA,541
GTG->AGC,10923
GCC->GTG,303
TGT->TCC,4
CCT->GAA,66
ACT->ATA,120
TTT->AGC,92
CCG->AGG,8508
GGT->ATC,126
ACA->AGT,2
TTG->GAT,4
CGA->GCC,246
AAA->CTG,152
GGA->CAG,341
GGT->TTC,2
ACC->ACT,418
CGG->CCC,117
GCT->AAC,58
CGA->GGA,219
ATC->GGC,89
ATC->GCA,188
GAA->TTC,84
AAC->ATA,273
ATC->CAT,15
CGC->GTA,17
AGG->TAC,345
GAC->ATA,151
ACA->ACT,1
CAC->TCC,14705
CGG->TGT,133
TCT->TGT,5
ACT->AGT,183
GCC->ACT,429
GCA->GGG,2010
TGC->ATC,628
GGA->GCC,681
CAC->GGG,279
CGC->CTC,4
TAT->GAA,139
AAA->CCT,400
GTA->GGA,633
TCT->ATT,235
AGG->TCA,955
GTC->TAA,12528
GAA->GGA,1025
GGG->CAT,183
AGC->TGA,4905
GGA->GAC,522
CGG->TGG,230
AAA->TAT,339
TTA->TGC,55
AAT->CTT,982
TAA->TGA,98
TCC->CAC,2
CGG->ATT,1633
AGT->CGT,1041
GGA->AAG,9
TAG->AAT,18877
ACG->TGG,190
AAA->GGC,693
GTC->CAC,17
ATA->CGG,234
CGA->GTG,142
CAC->ATC,233
GCC->ACG,162
CAG->AGC,26428
GCC->GTA,102
TCC->TTT,29833
GTA->GCT,362
AGC->TTA,18633
TTG->GGA,3
CCG->ACA,5320
ACA->TGT,170
TTA->CAA,218
GCG->CTG,288
CTA->CTT,144
ACC->AAC,371
TAT->GTG,71
TAA->CTC,81
TAA->TTC,91
GAT->AGT,135
TCT->ATC,184
CAT->ACA,168
GAA->CGA,124
CTC->CCC,50
CCG->GAT,2
ACC->TCC,9561
GCT->TGC,3
TGT->CCC,920
GTG->ACC,10448
TAT->CAG,770
ACA->CCT,237
CAA->GAT,694
TCC->CCA,3
GAG->GAA,26
GGA->GAG,1038
AGG->AAA,37034
TCG->AAT,2536
CAC->AAA,500
CCT->TTT,31
AAT->AGA,315
TTC->CTT,57
GTT->ATC,61
CGG->ATG,3458
CTT->CTT,973
TGC->CTC,5
CTG->GTA,1
GAA->GGG,949
AAA->CTT,200
AGC->GTT,199
TTG->TAC,241
TAA->CGT,79
GTA->GAT,436
TTG->GGG,17
TTT->CCC,963
TGC->AGC,240
GCT->ACT,183
TGT->GAG,133
GGT->CTT,594
TCC->GGA,131
TCT->CCA,1123
CTT->TTC,1
ACA->TCA,187
GAT->GTG,97
CAG->AAG,33735
TTA->GCA,622
ACT->CGG,1036
GAA->GAT,735
GAC->ACT,379
GAC->ACC,286
CCG->ACC,8998
ACG->ACT,4198
TCG->AGC,4656
TTC->CGT,3
ATC->ATT,566
GAC->CAC,1
GCC->ATG,700
GCC->AGC,255
CGA->CCA,47
AGC->CGC,2
ATG->CTT,495
ATT->TTA,1
GTG->CGC,171
AAC->CCT,3
AGA->CGG,210
TGG->TCC,945
ATG->ACT,18329
TTA->ATG,2
AGG->AGC,13681
TTT->AAT,226
TTA->TAA,1294
GGA->GAT,579
AGG->TAG,1069
GTG->CCG,34
GAA->TGC,106
TGG->TTA,186
AGA->CAA,306
GCT->ACA,182
AAG->GGT,33
TAT->AAT,155
CAA->TCC,159
GGG->ATT,11583
ATA->CCT,123
CCG->GTT,1
GGC->AGT,331
CCT->CGT,1282
CTG->TGA,493
TAC->GTA,131
CAA->TCT,184
ATA->ATC,1
TGC->TGA,2998
CAA->GTG,1323
AGA->TTT,220
TGT->GAC,79
CTG->GCT,8
CCC->GTT,192
GGC->CAT,4
CAC->CAA,2
CGT->TTC,5
CAG->TCA,896
ATT->ACC,95
ATG->CGT,164
AAC->GCT,283
TCA->CGA,288
AAT->ATG,155
GGT->CTG,1016
ACT->GAC,47
CTC->CCA,32
CTA->GAG,691
CTG->TTG,436
TTC->TCA,28295
AAC->GCC,188
GTG->TCT,645
TAA->TAC,59
ATC->GCC,204
GCT->CGC,1469
CAG->GGG,19
TGG->ACG,3215
GAC->GTG,241
TTA->ATC,4
GTT->GGT,117
AAA->AAA,3
ATT->AAT,104
ACT->ATT,198
TGA->TGA,310
TTG->CCA,327
CCA->CCT,245
TCG->TCG,111
TGA->ATT,1
AGA->TGG,243
TTG->ATT,27461
GAC->TTC,12607
ACG->GGA,2
CAT->GCT,200
AAC->TTT,27088
CCT->TAT,2
TAG->GTC,16
ATG->TTA,319
CTC->CTA,4
GTN->GCT,1
GAG->TGC,688
GCA->TGC,198
GAC->AGA,226
ACT->AAC,53
TAA->CGA,89
TCC->TAA,13175
ATA->ATG,3
GAG->CAG,813
CTC->TGC,4482
CCC->GCC,361
GTA->TGT,65
TAT->CCA,426
TCT->GTG,143
GGG->CCT,428
AAC->AGA,214
GCT->CAG,559
CAG->TTA,197
CTG->CTG,720
CAA->GGA,990
TCA->TGG,280
CTA->GCT,774
GTC->GGA,62
AAC->TAC,12166
TAC->AAT,292
TAA->TGC,53
TTG->TCA,686
GAG->AGT,16498
GGA->GGC,806
CAA->TCG,18
CCG->TGC,360
ATA->GGC,353
ATT->GGT,132
GCT->AAA,51
GGG->ACG,4939
CCG->CTT,121
CTA->GAA,578
CGC->TCT,6061
CTT->TAC,1
CAA->TGG,169
TTG->CAA,386
ACT->GGT,123
CGC->ATA,45
CTA->TGG,101
TTT->GCA,203
TTG->GCC,1
AGG->GGG,6
CTA->TGA,77
GAT->ATG,114
ACT->AGC,221
CTA->CGA,78
CTA->CGT,54
GTC->GTC,248
TCA->TAC,113
GTT->TGT,1
AAG->CGA,221
GCC->GGA,110
GTA->GCC,351
GCA->GTT,853
AGC->ATC,1073
AAA->TTA,288
AAT->TAA,3
TCC->CCT,3
AGA->CCA,263
CTC->GCA,518
CAA->TCA,145
ACG->CGT,94
ATA->TTC,86
GTC->TCG,2201
AGT->GGT,207
AAC->TCA,12772
CCT->ATT,144
CCG->AGA,5026
GGC->AAT,499
TAG->GAA,59
GTC->AAG,380
CCG->CGG,394
GTC->GCT,195
GGC->ATC,975
GTA->CTA,54
GTC->ACT,396
GTC->AAA,266
TCA->TAG,187
CCA->CGC,257
CTG->CCC,499
AGC->GGT,134
TGA->GCG,123
TAT->ACC,106
GTG->CCC,191
TGA->CAT,110
TAC->CAG,6
CAC->CTC,3
TCT->TTC,6
CTC->GTG,592
TTC->GAG,418
TGA->GAC,440
CTG->GGT,4
GAA->AAA,17
TTA->AGA,6
GTG->TGA,287
TGG->GCG,1
TCT->GGC,220
AAC->TTG,19189
GGT->TGT,2
TTG->GGC,3
CGA->AAC,1
GGT->GAA,121
GGA->ACC,1
GAN->GCC,1
AGT->GTA,100
AGA->CAT,143
TTC->ACC,616
TAG->GGC,18
CGT->AAC,10
ACT->GAT,68
TTC->AGA,233
TTA->CCT,151
AGT->GGG,281
AAT->GGG,159
GGG->CGG,374
ATC->GTT,200
CCA->GTC,1596
TCT->AGA,259
ATG->AGA,16556
TCT->GGG,180
AAG->CAC,160
ATC->AAC,425
CCG->CTC,201
TTT->AAA,1322
CTT->AAT,50
CTA->TCA,75
CCA->ATG,1
TGC->ACA,775
GCA->GAG,1106
GCG->GCC,2
GGG->TAC,351
TGA->CGG,231
ACG->GTC,1
CTA->TCG,20
CTA->CTC,139
TAG->CAG,383
CAA->CTT,121
GCT->CGG,2317
TAC->GTC,142
AAT->AAT,352
AAG->GGA,34
ACA->TAG,136
CGT->AGA,75
AAC->TGC,2670
TTC->GAC,200
GAT->TTG,2
ATC->ATA,373
ATC->GGA,117
ACT->TGC,1
CTG->CGC,270
CAT->CAA,553
GAA->TCG,120
TAG->GCA,29
ACC->AGC,184
GGG->TCG,220
GCT->TGG,5
CTA->GCC,650
TTT->GTC,185
CGC->ATC,255
GCA->TAA,100
GGT->AAG,99
ATG->GCG,3
GCG->TTC,116
ATG->CAC,132
ACN->TTC,20
ATG->TTC,179
ATA->AGA,5
GCG->CGC,140
GGC->GAT,156
AAC->AAG,410
ACG->TAT,109
TAG->AGC,9518
CTG->GTC,3
GCG->GAG,1
ACC->TTC,16511
CCT->GCG,87
TTA->TTG,117
ATG->TAC,225
GCG->AGT,3478
GAC->CGG,2
ACT->TAA,4
ATC->AAA,547
GAC->GTC,174
GTA->TAA,75
TGC->TTT,35200
GGA->GTA,340
ACC->ACC,442
CAG->CTG,484
TGG->TTC,258
AAT->TTG,3
GTA->TCG,5
GGG->CCC,227
GTG->GGG,10
GAC->GTA,114
AGG->TTG,471
GTT->CAC,261
GTG->CGT,174
GGA->CCG,56
AAG->TTG,315
TTA->CGA,93
CTN->TAG,2
GTG->GAT,2
TGT->AAG,89
CAC->GGC,308
ATA->CCG,32
ATC->TAC,14013
CCC->GGT,119
ACG->CCA,153
TAT->ACT,118
GTC->ACG,66
GCG->GAA,1
CAT->GCC,205
TAT->CGG,781
CTC->GGC,174
TGA->AGT,1
GTC->GAT,136
AAA->GTG,853
CTT->AAC,36
CTC->ATA,467
ATT->CGG,600
GCC->ACA,591
CAC->CAC,3
GCA->AGC,4
CCT->TTC,6
GTC->ATC,470
AGA->CGT,132
CCG->GAC,1
TAC->TGA,2819
GCT->GCT,146
TGA->AAA,11
GCA->TCC,144
CCC->ACC,536
TGA->ACT,2
AAA->GAC,492
GTC->CCA,22
CAC->TCA,15637
TGG->GTT,1
GCT->ATG,160
ACG->CAT,73
AAT->CGA,1020
AAG->AAT,35503
TTG->CTA,274
GCT->TGA,3
AAC->CGT,2
TAT->GTC,82
TAT->GAG,138
GGT->CGT,1078
CGG->CGG,127
TAC->AGG,67
TTC->CCG,13
GTT->AGC,71
TTA->GTA,750
CGG->CCT,165
TTA->GAC,245
TTA->CTT,380
AGC->GCC,298
AGG->GTT,7
CAT->CTG,1329
TTG->AAC,12497
TAC->CTC,7
CTG->TTA,320
ACG->CCG,45
GCT->AAT,45
ATT->GTA,138
CAA->CAG,187
GAT->GCA,124
CGG->ACG,1838
TGC->TGC,3924
AGA->TAA,188
TAG->TGG,260
CTC->CAG,38
CGC->CAG,2
TTC->TAG,34657
TGC->TTC,17018
GCC->AGG,345
GGT->AGC,148
AAA->GGA,1176
TCC->GTT,200
CCA->CAT,88
TGA->AGG,4
GTC->GCG,32
AAA->GAG,862
CGT->TTG,15
GCC->TAT,12244
CGT->GCA,34
TTA->GAA,846
TAC->GGC,65
CCA->GCC,2208
CTC->TAT,18553
CCC->TGT,4151
ACG->AGT,3260
TGN->AGC,1
GTC->ATA,195
AAT->GAT,438
ACC->TGG,2623
CCT->AGG,384
GTC->CGT,4
TTC->CCC,45
TCG->GTT,1
AGT->ATC,305
AAC->ATT,353
TCG->AGA,2948
AGC->CAT,2
GGG->CAG,483
CTG->TGG,901
ACA->CTA,118
CGA->AAG,6
ATG->CTA,456
TCC->TCA,23034
ATT->CAT,508
CAG->TCG,178
ACA->TGG,277
TCT->TCC,5
TAG->GGA,34
CCG->TCC,625
GCA->CAC,132
CGG->ATA,1637
AGG->GAT,3
GCA->TAT,102
TAT->GTA,82
GTA->TGC,67
TTG->CTT,396
TGT->GGC,196
TAC->GTG,160
GCT->AGT,180
CAA->GGT,758
ATC->CCT,24
GCC->CCC,4
GTT->CCA,400
AAG->ACG,4639
TGT->ACG,24
ATA->TAG,45
ATA->AAT,6
TGA->GAA,779
TAC->GCG,23
TGG->GGA,1
GGC->AAA,613
ACA->CGT,137
AGT->CAA,521
TCC->AAT,312
TAG->CTT,157
GAT->CCC,420
TAC->GCT,179
CCA->GTT,1253
ATA->TGC,56
ATG->ATA,22347
ACA->CTT,146
CAA->AAA,6
GCC->TCG,3864
TTC->CAA,27
TAA->AAA,18
GCC->GAC,160
AAG->CAT,211
GCG->GGA,2
TCG->CTT,128
ACA->AAG,6
ATG->TCT,556
CTG->TGC,465
GAC->ATG,224
AGC->GCA,388
GTN->CCT,1
GCT->GAA,89
ACA->GTC,706
CAC->GAC,324
AGA->CCT,334
GTT->ACG,9
CTT->CGA,1088
CAT->ATT,180
ATG->GTC,2
ATG->TGC,233
CAC->CCG,5
CGA->CAA,29
TCC->CTT,1
TGG->AAT,14180
CTG->CAT,252
GGG->TGT,418
TCG->GCC,1
CCA->TGG,390
TTC->TGA,4595
CGT->CTT,151
GTG->CAG,284
CAC->CTT,3
TAG->CAC,129
AAC->TGA,3333
CCG->AGC,6145
GTA->AAG,3
ACT->TAG,1
GTT->CCC,505
GAC->CTC,2
TTG->GAG,6
GGA->GAA,901
AGC->AGT,214
TCC->GGG,157
GTT->TTG,2
GCC->TTG,26073
GAG->GGG,35
CAC->CAG,6
TCC->GCG,101
ACC->TCA,11814
ATA->CGT,72
GGT->CAC,327
AGT->ATA,132
TCG->GAC,1
CGG->TCA,158
TTA->TAG,103
CGT->GTA,8
ATC->GCG,31
CTT->ACT,145
ATT->AGA,155
CTT->TTT,21
CGG->TAT,93
ATG->TGA,358
CGA->AGA,3
GCT->ATA,54
GGC->TTT,24882
TAG->CAA,280
AGG->GGC,1
TCT->CGT,1306
ATC->TAT,22981
AAA->TAA,755
GAG->GAG,29
TTT->GGG,242
AGT->AGA,367
GGT->GAC,142
ATA->TAT,120
CTT->GCT,261
AGG->GGT,4
GAT->CGC,916
CAG->GAT,9
GTC->CTG,38
ACT->GAA,81
GCT->ATC,91
ACA->GAC,384
TCG->ATC,2884
ATC->CTA,15
TCA->TGA,230
TTC->TAA,32780
ACT->GCG,37
AGG->GGA,5
ATC->CCC,13
AGG->TCG,225
ACT->TGA,5
GGA->TCC,116
TCT->CGG,1768
GTA->CGT,53
TGT->ACA,160
CGA->ACA,7
GAT->GAT,227
CTT->AGG,128
ACG->GAT,1
GGG->CGT,207
CCA->ACA,3
ATG->CAG,240
ACT->GCT,174
CTC->CCT,19
GGA->AGT,6
GCC->TGT,3685
CCA->TCC,363
TAG->CTG,156
GGT->ATT,162
ACC->AGT,222
TTC->TTG,48424
TAC->TTC,14027
GTT->AAA,50
TTA->CTA,138
TCG->TGC,311
GGA->GGA,964
AAT->ATA,248
TAG->GCT,21
CTG->CCA,485
CCG->GCT,2
CCT->CCT,1100
CGG->CAC,36
TCA->CAT,120
TGG->ATA,11911
CCT->GTA,66
GCC->CTG,1
ACC->AAG,448
ATG->GGT,6
TCT->AGC,230
GAC->ATC,198
AGT->AAG,115
CCT->CCG,249
TTT->CGA,925
ATA->AAC,4
AGG->ATC,13161
CTC->ACT,1045
GTA->GTA,514
CTT->CAC,602
CCC->AAC,483
CTT->CGC,1200
CAG->TGA,663
GAG->CAC,212
CTG->ACC,25731
ACA->CAC,134
GGC->GTA,124
GGT->GGT,202
GCT->CCT,916
ATG->AGT,13429
GTG->GGA,3
AGC->GTC,210
TGG->ATC,10599
CAC->ACT,438
TGG->CGT,284
CCT->CCA,1088
TTC->TAT,36148
CGC->AAG,160
GCT->TTC,5
CTT->GTG,189
AGN->AAT,2
GAC->GAT,315
GAT->AAT,78
ACT->ATC,104
ATA->CTC,243
ACG->AGC,3769
GCG->TAC,92
CAT->GAC,60
GAG->TTA,176
TTA->CCC,111
CCT->AAA,88
CGA->CCT,57
ACG->CGA,85
GTA->CGG,64
ACG->GGC,2
GTT->GTC,89
CGT->CGG,675
GGT->TAA,1
ACC->GAA,187
TTT->ACA,121
AGA->GGA,1327
TGA->TTC,244
AGC->CAA,4
TTG->TTT,1458
CTC->ACA,1037
ATG->TCG,53
GAT->CTC,524
CGG->TCC,380
TCA->CCA,206
TAA->GGT,337
GAT->ATC,118
AGG->CGG,396
TAC->ATA,172
GTC->CTC,37
GAA->GTT,672
ATA->TCC,46
AGC->ATA,576
GAC->TAA,13044
CCA->GAG,1913
CTG->GGC,3
TTG->CGC,180
GCC->ATA,168
TAC->TCG,1677
GTC->TGT,3192
GCC->GGG,232
AAG->GCA,32
CGT->TAA,2
GAC->CGT,1
GCT->ACC,146
GAG->AGA,20448
TCA->GAC,456
GCC->AAG,441
CCA->AAA,16
TCG->TAG,228
GTC->GTA,100
GAC->ATT,198
TCC->CAG,9
TGA->CCA,153
CTC->GTA,319
TCT->TGA,4
CGC->TAC,1850
CGC->AAT,60
CGG->CGC,79
TTC->CGC,9
TGC->CAC,12
AGA->AAC,6
CGC->GCA,55
AGA->TTC,178
GCA->CTT,100
ACG->AAA,5639
CAC->AAG,421
GTC->GGT,86
TAC->TGG,3407
TAA->CCA,93
ACA->AGA,8
CGA->GTA,52
TCG->GGA,24
ATT->GCA,125
TAG->CGA,144
GAT->ACC,97
TCG->TCA,230
GTT->CAT,232
CAC->GCC,351
CTA->CTA,124
GGA->ACG,1
TTG->CGT,208
GGT->GCC,158
CGA->AAT,4
CGA->AGC,3
GAG->GGC,21
CCT->GCC,344
GCT->GAC,53
AAT->TTC,5
TTC->AAC,315
TTG->AGC,10514
ATA->CCA,137
AAC->ATG,331
GGC->GGT,131
GAG->CCT,243
GGC->TAT,16648
AGC->AAA,933
CAT->TTT,18
GAT->CCT,589
CTC->TCG,4740
TAA->TCC,53
AAA->GGT,721
AGA->AGT,9
GCC->GCT,212
CAT->CGA,1391
AGT->TGT,2
CAC->TCT,20231
ACG->AAC,3171
CCC->GGA,174
GGG->TAT,444
CAT->GGA,202
AGG->CTC,232
ACG->ACG,1174
GCG->CTA,61
GGG->CTC,223
GGT->TCT,2
GGC->GAC,193
AAC->CCG,1
TTA->GGG,484
TAG->AAG,18681
ATA->CAT,151
ATA->TGG,72
CCG->ATG,6026
CAC->TTA,10922
CCC->TGC,6061
TAT->ATG,86
ATG->TTT,405
CAA->TTT,154
TAC->AAG,295
AAA->CCA,285
GAG->ACG,3342
CTC->ATC,810
CAC->TGA,3635
AAT->AGG,204
CTA->AAA,22
CCT->ATA,75
GGT->AAC,43
GAG->GCG,10
CTA->GGT,460
TGT->ATC,135
TGG->ACC,15829
GCA->AAT,2
TCG->CCC,156
GCN->CAC,1
AAG->CTC,226
CGG->TCT,299
AGT->CAG,800
TCG->GGC,1
TGA->GGT,633
AGT->GCT,340
ATT->ATC,104
ATT->GTC,137
GGA->TGA,219
GCT->ACG,28
AGT->GCA,185
GTC->GGG,172
ACG->TCA,193
ATA->GTG,732
CGT->GCG,24
CAG->CCA,400
AAT->TCT,3
ACG->CTG,212
AGT->GCG,103
TTT->GAG,137
GAA->AGC,1
TGT->GCA,151
AAC->TAT,25219
TTC->AGG,122
TAG->ATT,17189
TTA->TCC,71
CAG->CAC,234
GGG->TAA,550
CAT->GCG,64
CGT->TAG,2
CGT->CCC,267
TCT->ACG,56
TAC->CTG,9
GCG->GCT,1
TGA->GAG,696
GAT->TGA,1
TGC->AAG,994
CCT->GGT,147
GGC->TAC,10476
AAA->GGG,859
TGA->TAT,133
ATC->ACA,550
CCT->CAA,494
GAC->TCA,10455
TGT->AGT,197
GGA->AAT,7
CGC->CAA,1
ACG->GAA,5
GAT->CAG,678
TCG->CGT,74
AAA->CAT,226
TTC->CGG,8
TGT->CTC,760
GAT->AAA,114
AGC->GCT,717
ACA->ATG,1
CGA->CGG,153
GTC->GCC,183
CTC->GAC,292
GAA->GGC,1040
TAC->ACT,234
TGA->TCA,142
TTC->CAG,38
CTG->TCA,1033
ACC->ACG,128
CTG->AGC,16318
CTC->GAA,331
TTA->GCT,528
GTT->GTG,139
CTC->GGG,333
TAA->GGG,339
AGT->CTG,860
CAA->CCC,281
TGC->AAC,483
TTA->GAT,509
AAC->TGG,3195
TTA->GAG,475
AGA->ACT,1
ATT->AGC,86
TTT->GAT,179
TGA->GCC,692
TTG->ATA,19927
TCA->GGC,1701
CGA->CGA,65
CTA->ATT,3
TCA->AGG,1
AGC->TGG,5034
GTA->TGG,70
ACT->CCA,661
GCG->CAG,152
TAC->CCG,2
TGT->CTG,1034
TGA->AGA,4
GGC->CGG,1
CTG->GGG,6
GAA->TAC,81
GCA->CCT,210
GCG->AGC,4845
GGG->ATA,8782
ATG->ACG,1702
GCC->ATT,314
AAC->GGA,115
CTC->AAG,987
GAC->CCC,5
TAA->CAG,91
TAT->ACG,11
CGC->ACG,149
GCA->GAT,859
GTC->TTT,32449
GGT->GGG,365
CGT->GCT,38
ATT->GCT,140
GTA->CCT,68
CCG->GGC,2
CAC->ACA,426
TGG->GAA,1
TAT->GGA,123
GCC->TGC,4840
TAT->AGC,91
AGG->GTA,1
TAT->CTT,982
CGT->CCT,314
TCC->CAT,2
AGG->CAA,334
GGA->ATG,3
CCA->GGA,1609
CAA->AAG,1
ATA->TTA,164
ACT->AAG,66
GGC->CGC,2
CTC->GGA,158
ACT->CAC,412
TGT->ACT,180
ATC->TTG,25179
GCA->GTA,575
ACG->AAG,4252
GAG->AAC,24697
ATC->GTC,219
TAC->TTA,16402
AGA->AAA,124
TGA->TTT,201
CTG->ATT,20417
TGC->CTT,3
GTA->CGA,76
TCA->GGA,1390
ATC->CTC,33
CCT->TGT,2
AGG->AGA,20411
GAA->GCA,741
CTC->GAT,211
GTA->AGT,1
ATC->GAC,184
CCT->GTG,143
AGA->TCA,215
CTC->CAC,20
AGT->GAA,153
GCG->TCT,329
CTG->TAC,347
AGG->TGT,435
TGC->ACT,1041
TGC->CAG,1
GTG->TTT,289
GGA->AAA,17
CTT->ATT,135
CCG->TTG,187
CAA->CGT,220
CTA->TCC,122
GTG->CAT,177
TCA->AGC,1
GCT->TAA,1
TCA->TAA,204
AAG->CAA,448
GGG->AAG,23206
CAA->AAT,1
TCT->AAC,69
GTT->GAA,69
AGC->ACC,935
ACG->TTT,140
ACA->CCA,219
TTA->AAA,188
CGG->CTG,87
CTC->CGC,4
TGG->GCA,1
GGG->ATC,9939
TTC->TGT,5824
TGA->TGC,174
TGC->TTA,15412
GAT->GTA,89
TAG->ATC,11117
GTG->CCT,194
CAT->TAT,5
TAT->GCG,14
AAT->TAC,2
CCC->TCG,4260
AAT->TCC,9
GTC->CAT,10
CTT->TTA,1
TTT->CTC,978
CCA->CCC,347
CAG->GGA,18
ATA->AAA,80
CTG->GAC,4
CCA->GTG,2055
TGA->GTT,606
GCA->ATT,1
GGT->AAA,107
TCT->GAG,92
AGA->TAT,145
AAC->ATC,260
GAA->GAC,439
GCT->CTA,289
CGG->TAG,239
GCC->TGG,6179
AGA->TCT,194
TAA->CAC,82
CTT->CGT,774
TCG->AAG,4072
GGG->CCA,272
AAG->ACA,35358
TGC->TTG,28322
CGT->TTT,1
GTA->CCG,12
CAA->TTC,82
GAG->TGT,537
GCG->TGG,358
TAC->ATG,172
CGT->AGT,36
AGT->CCG,148
AGG->GTC,10
ATT->GAC,118
AGA->GAA,1294
CAA->CGG,171
TCG->ACA,3155
TTC->ATG,755
ACA->CAA,244
GAC->GAC,241
CTT->GCC,335
TCG->TTT,251
AGA->TTA,136
ATC->TTT,35662
CAA->CTA,57
AGT->TTG,1
CCA->CAG,261
GAA->TGT,107
ATA->CAA,159
ACT->TTT,9
ACA->ATC,1
GTA->CTC,82
CCC->GCG,154
TCC->ACG,160
GAT->ATT,119
CGC->AAC,88
CTC->TAA,18302
TCC->AGG,199
TCC->TCT,20285
GCG->CCT,121
TGA->CTA,72
CCA->TCA,185
ACG->TGA,149
GCA->CCC,223
GCG->CAC,63
TCC->ATA,320
ATA->GAT,566
GCT->CGA,1940
CCA->TCG,55
CTA->CCC,166
GCA->TAG,99
TTC->ACG,95
AAT->GCC,168
GCT->TAC,2
AGC->ACT,1333
AAA->TAC,112
GCA->TGG,274
GTA->TCA,75
AGA->GGC,804
CAG->TTT,334
CAG->GTT,4
GTC->CCC,16
AGA->TTG,197
TAC->GAT,471
ACC->GCT,248
AAG->TAC,386
AAT->CCA,597
CCC->AGG,436
CAC->GAA,297
ATT->AAC,66
CGA->TGC,27
TTC->GGG,142
TCC->AAC,286
TTA->CCA,137
AGT->GAC,80
TAG->ATG,10953
AGT->GTG,225
GAT->CTA,330
TCC->TAG,22667
GAT->GGG,194
TGT->AGC,142
CGC->TTT,4580
TTA->CTG,159
CAA->GTA,570
TAG->AGG,8986
GAG->GTG,19
ACA->TAA,195
GCC->TAA,10233
GCA->AGA,4
TCT->ACA,243
TGT->TGT,6
TTT->CTT,2395
CAG->TCC,1442
AAC->GCG,33
TCC->TCG,4786
TAT->ATA,126
TAT->CAC,476
CGT->TGG,4
AAC->CCC,14
GAT->TCT,4
TCT->TAG,1
CAG->TAT,529
ATT->CCC,510
TAT->TTG,7
AAT->ACG,28
GGA->TAC,59
CTC->TGG,8261
GTA->GCG,76
TCA->TCC,214
TCT->CGC,1786
TTA->CTC,158
GAG->AAA,34907
GCA->GTG,1998
CGG->AGC,3803
TCN->CAG,1
TAC->TTT,30897
TTG->CCC,255
CCC->TTG,21036
ATC->GAA,239
ATC->TCC,13772
TAC->TCA,12046
CTA->AGC,4
CTG->AGG,26096
TAG->AAA,35707
ATC->ATC,605
CCT->ACT,246
AAT->AAG,135
CTC->CTT,16
ACC->GTG,206
TTG->AGA,13191
CTC->ACG,253
GCA->GGA,1839
ATA->TTT,339
CAT->GTT,160
TCT->AAA,114
GGG->CGA,229
TCA->CCT,217
GTA->GTG,652
AAA->TGT,191
GTC->GAA,150
TAC->TAC,10403
GGG->TCT,953
AAT->CCT,728
TCC->ATG,681
CAT->CTA,391
TGA->CGA,169
CGG->TTG,89
ACA->TGC,189
GCC->TCT,13712
GAG->ATT,15486
CTC->TCT,29400
TAA->CTA,84
GAA->TCA,131
CGA->ATG,4
CCA->GAT,563
CCT->TAG,1
GGT->AGG,263
CTG->ATC,20205
CCA->CGG,339
CCC->AAT,304
CCT->TCA,7
GTG->AAT,13965
AGC->CTC,6
TAC->ATC,157
ATA->GAA,760
CGT->TCA,1
CAG->ACT,28882
AGC->ATT,731
GGC->TGG,8936
GGA->GTC,465
AGT->CTA,364
CTT->ATC,104
TCA->GTG,1247
ATG->CCG,33
GAC->AGC,104
GGA->TGG,325
AGA->GGT,692
ACT->GTC,100
TGC->CGC,2
TAC->TAT,21902
ATA->CTT,380
TTG->AGG,11562
CTT->CGG,1928
CAG->CTC,254
GGT->ACT,153
AAC->GCA,230
GCA->ACA,4
ACA->TCC,131
GCG->TTA,62
TTC->ATC,757
CAC->GTT,279
CCA->AAT,3
GGG->AAT,13728
ACC->GGC,71
GGC->GGA,129
CGT->GGG,64
CTA->TAG,59
AGT->CTT,794
TAA->TCT,113
GAT->CTG,828
GAT->TGC,1
AGC->GAC,197
ATT->CCT,659
ACG->TTC,101
ACA->GAT,532
CGC->GAA,70
CGG->TGA,162
GAA->CAA,197
CTC->AGA,265
TTA->AAT,6
AAC->AAA,1486
GTT->GGG,187
GAA->CTT,107
GCA->CGG,263
TGA->GAT,432
GGT->GTT,277
GTA->AAT,2
AGC->CCC,3
CTC->GCC,513
ACA->CCC,164
AGG->GAA,3
TCT->ACC,222
TCC->CAA,2
GCC->TTA,9524
GGN->GAG,1
TCA->GGG,1664
CGC->TGT,1209
GCA->CGT,196
AGA->GCG,295
TAT->AGA,175
CCT->CTG,884
TGC->ATT,643
TGA->TTG,151
GAG->TCG,237
CCG->CAG,295
TGG->GGG,5
GTT->AAT,46
GCT->TTG,4
GAT->GTT,137
CAA->GCT,888
CCA->GGT,1067
TCG->ATT,3542
GTT->CGC,503
TAC->AGT,74
TTC->ACA,784
ACC->TAC,9303
CTT->GAA,131
CTT->GAT,84
ATC->AGC,178
TAC->CGC,3
GGC->CGA,1
GTA->GCA,484
TTA->TAT,245
TAG->GGT,26
AAT->CCG,87
CTT->TCT,1
CTT->ACG,19
GAT->GCT,145
ACG->ATA,4495
AAT->CGG,1164
GAG->ATC,12609
GGG->TTT,431
TAA->CCT,103
TGC->CCA,8
TGT->TTG,10
TTC->TAC,19622
TTA->AAC,2
GAA->AAT,1
TGT->GGG,198
TGA->TCC,113
TGG->AAG,21310
GGC->CAA,9
CAT->CCC,703
CTA->TAA,81
CCT->ATC,176
GGT->AAT,149
ATT->AGT,91
AAT->AGT,200
AAC->GGC,92
TAG->CCT,197
CAC->AGC,217
CCA->AGA,6
GAT->CGG,1522
CGC->ACC,256
TAT->GCC,83
CCA->TTT,233
GCC->GCG,112
GTG->CTT,178
CTC->ATG,1042
CCC->TAC,11161
CAA->TTG,123
TAT->CAA,718
AGG->CCA,473
CGC->CTT,1
AGG->CTT,207
GGA->GGG,1261
GGA->CAC,184
ATT->AAA,253
CCC->AGC,350
CGG->CAG,125
GAT->CAC,339
GAG->ATG,14777
GAC->CAT,1
AAA->GCT,729
CGA->CCG,27
CGC->TGG,2429
TGA->AAT,4
CAT->TAA,3
CTT->CTG,973
CTG->TAA,523
CGT->CTC,159
CGA->TCT,49
CTA->CCT,199
AGT->TCC,4
CAA->TGC,159
CGA->CCC,59
TAG->CGC,102
GTA->AGA,2
CGC->GAT,32
ACC->TCT,12219
AGC->TTT,27757
CAG->CGT,291
CGA->AAA,8
GGT->GGC,210
GTC->AGC,112
TTC->GAA,436
AGC->CAC,3
CGC->CTG,3
CTG->TGT,444
ATG->GAT,8
CGC->AGA,82
TTC->TCC,22755
AAG->GCT,49
CCT->GAC,84
AGC->TAG,23243
ACC->TGT,3453
CCC->ATT,412
GTT->CGT,336
CAG->CTA,166
TCA->GAT,551
GTC->TCC,12670
GTG->ATC,9703
TCG->CAC,71
CAT->AAT,110
GAG->TTC,221
GTT->GGA,97
AGG->TGC,511
GAG->TGA,503
ACG->CCT,155
TGC->GTC,222
TGT->GTG,179
CAA->TAC,73
TCG->GAG,2
CAT->AGG,159
CCA->CTG,175
CGC->TGA,1044
GTT->AGA,117
TCT->TTT,123
AGT->CTC,799
TGG->CCC,290
CCT->ACG,59
GCA->CAG,162
ACT->CTA,323
AGT->TTC,1
CTT->ACC,138
CAG->GCA,8
GTG->TCC,485
CAT->CGG,2071
CAG->TAC,382
GTT->CTA,202
GGA->CTC,142
CTC->CGT,4
TGC->TAA,17264
CGG->CAT,23
CAC->ACC,513
ATG->ACA,18029
CCC->TTC,15400
ACG->CAG,203
AAG->GAC,33
TAT->TGG,1
AGC->CTG,1
TTG->GAA,9
CCC->CAG,1
AGT->TCT,1
AAC->GTG,261
CAG->GCT,19
GTG->AGG,11338
TGC->GCT,363
ATC->CGA,2
AAT->TAT,1
GCA->GGT,1663
CAA->GAG,933
GCA->TTT,125
TCT->AAT,82
GCG->TGA,183
TCT->CCG,211
GAA->TAT,98
CGT->CAT,70
TGT->GGA,190
CGC->ACT,229
TGA->CTG,168
CTG->AGA,22541
AGC->TAT,18442
TTA->AGC,3
GCC->AGA,326
AAA->CGA,135
TGC->TAT,18282
TAT->CTG,628
CGC->TCG,1785
GCG->AAA,4054
CGG->GCC,1
TAG->AGT,9750
TCT->CTC,1044
GAG->GTC,16
CAT->AGC,144
TCG->CCA,156
CGG->GGG,4
AAG->GGG,35
CAT->GGG,155
TCA->GAG,1123
AGT->TCA,1
AGG->TGA,491
GTG->AAG,15851
CCG->ATA,3428
GGC->GTT,175
AAA->GAA,2334
GCC->AAT,259
CGG->CGA,108
AGT->ATG,194
TAT->GCA,81
GTA->AGC,4
GGT->CCA,770
AAG->ACC,25129
CGC->GGC,73
CCC->TCT,14150
TCT->GCA,177
CCG->TTT,103
TAG->TGA,312
CAT->TTA,1
TCG->TCC,359
TCT->TCA,4
TCG->AAC,2597
GTT->GCT,128
ACG->GCT,1
ATT->CGT,545
CAT->ATG,123
TCC->GCT,277
CTC->TAG,28482
TTT->GTA,201
CAC->TAT,16861
CGT->GAA,39
AAG->CTG,327
TGT->AAT,102
AGG->GCT,2
CTC->CTG,19
GTT->TTT,18
ACT->GGC,211
CTA->AAT,5
TTA->TCT,126
AAC->TGT,4681
CTA->TAC,31
ACA->CGC,218
GAT->ACG,30
GCA->TCT,215
AGA->GAC,539
CTA->ATG,2
AGG->CCT,690
ACT->GCC,183
CGG->TAC,60
CCC->ACG,230
CAT->TGA,1
CTA->ACT,1
TCT->CTG,994
GTG->GTT,4
AAT->CTC,671
GCC->TCC,11670
GTG->TAC,244
AAT->TGG,2
GAA->CCG,24
ATC->CAC,15
CTG->CCT,444
TGC->CGT,2
TGG->AGC,13695
ATG->AGC,12215
ATC->GTA,153
AAA->CTC,137
CAA->TGT,148
AGA->CTC,148
TCT->TCT,21
GTC->TAG,17936
GGC->TCG,4865
GTG->ATG,13764
TTG->AAG,18145
GAG->ATA,13991
TGA->GCA,706
ATA->GGG,468
GTA->ATA,5
GTC->TGA,2698
CAG->CCG,74
TAG->TGT,274
TTA->GGA,551
GCT->CCC,747
TTA->ACC,2
AGA->TCG,43
CAG->CTT,268
CCT->TGG,5
TCG->GTA,1
GCA->GTC,1128
GCA->GAA,690
GTC->CCG,6
GCG->AAG,4412
AGG->CAC,181
CTT->GTT,230
AAC->GAT,512
CGA->GTT,89
TCG->TGA,198
AGC->TCC,15790
GCG->ACG,2246
TGC->GTA,139
AAT->CAT,849
CTT->GAG,105
CCC->AGA,296
GGN->TCC,1
TAA->TCG,7
ACG->AGG,4161
TTC->TCG,3734
AAA->CAG,197
ATG->CAA,280
CAT->CAC,669
TGT->TTC,3
ACT->GGA,178
AGG->GCG,1
TAT->CCC,333
CGC->ATG,159
ACC->ACA,557
ACG->TAC,65
TGG->CTC,249
AGC->GTA,160
CTA->CTG,147
AGC->CGT,1
CGC->GGA,69
TAC->CGT,1
TCA->ATT,1
TGG->CTT,219
GGA->CAT,116
ACA->GTA,810
GAT->ACT,179
CAG->ATC,16292
TGC->AGA,276
ATC->ACT,528
CGA->TGA,58
ACC->GCC,199
TAG->TCC,404
TTC->GCC,331
CCT->CCC,1234
CCG->TGA,189
AGG->AGG,14016
TTT->CCA,793
AAA->TCG,22
GCG->CGT,108
AAG->TGT,425
GAG->GAC,11
GAG->TAT,645
TGT->CTT,975
GCG->GTT,4
GAT->GCG,42
ACC->TGA,2344
AGG->GTG,4
GCA->CAA,108
GGG->CTG,404
CTA->CGG,129
CCG->GAG,39
ATT->CAG,390
AAT->GCA,119
AGT->GGA,248
ATA->TAC,50
GTA->CTG,86
CGC->TTC,3266
ATG->ATC,15265
TGT->CAA,651
CGA->CGC,41
GGG->CCG,112
ATA->GGT,420
TGA->ATA,1
CTT->CAG,789
ACC->CAG,1
AGC->ATG,1253
AAT->ACT,193
GGT->CGA,1212
GCA->GCT,1214
CTA->GAT,420
ACG->TTG,179
GGC->GCT,320
GCG->CGG,303
CCG->CAT,60
TTG->GCT,5
CTC->TAC,16207
TTT->ATA,219
TCC->ACT,517
CGC->TAT,1659
CTC->GTC,715
GCC->AGT,174
TGG->CAA,381
TAA->GTC,335
AGT->GGC,224
GTC->AGG,132
TTT->TTT,3
TGT->AAC,53
ATC->TGG,2553
CAT->ATC,123
ATC->CGG,17
ACG->GTG,5
GCA->CAT,95
CGA->GAG,153
GAA->CTA,70
TGG->CGA,395
CGA->GAT,62
TGG->ACA,16188
AGC->CCT,3
GCT->TCC,1
ATC->AAT,478
GTT->CGA,397
CGT->ATG,30
TAT->AAA,282
CGT->GCC,62
AGT->TTA,3
TCA->ACG,1
GTC->GTT,144
TAG->GAG,67
GGA->TAG,173
TCG->GGT,1
CGC->GTC,49
GGT->TTA,2
CGA->CTT,44
CAA->GTC,900
GAC->AAC,200
TCA->TGC,288
CCG->ATC,5563
TTA->AGT,2
CCT->CGG,3044
AGA->GAG,1206
GGC->TAA,12766
TTT->ACT,188
GCA->CGA,204
ACT->CTT,712
CAC->CCC,9
CGT->GTT,43
TAA->TAG,77
CAA->TAT,135
AAG->CGT,144
TCA->TTA,184
ATT->GAT,147
CGT->CAC,109
CTG->GAG,4
AGA->CGC,201
CTC->GCG,91
AGA->AAG,20
ATG->CGG,391
GGA->TCG,32
CCA->GAC,725
ATA->GTT,863
CGT->GAC,8
TTA->CGC,67
ATG->GCA,6
CAC->TAG,20574
GTC->TCT,15597
CTA->TTC,87
CAG->TCT,1278
GGA->CGT,165
CTG->TTT,416
CCC->GAT,379
GAA->GGT,713
TCT->ATG,175
AGN->CCT,1
CCC->GCA,423
CAT->GAG,194
ACC->TAA,9868
GTG->GAA,2
CCG->AAG,8140
CGA->GGG,270
AGA->CAC,160
CAT->GTC,117
CCT->CGC,1812
GAA->TCT,269
CTT->GTC,225
TTG->ACA,17298
CCA->TAA,128
ATT->CAC,419
CAC->CGA,1
GAT->TAC,1
GGT->GAG,161
GCA->GGC,1571
ATG->CAT,210
AGG->GAC,2
TTA->CAG,126
TCC->TGG,4903
ACA->ATA,7
GAC->GGT,142
AGC->AGC,341
AGA->GCA,1154
ACG->TCC,332
GGT->ACG,44
GGA->GCT,813
ACT->CGT,808
CAC->CCA,3
CTG->GCA,1
GGA->GCA,845
CAA->GAA,844
GTA->GGC,463
AAG->TCC,632
TGA->TAG,97
GTT->ATG,64
GTA->ATG,1
GCT->CTC,1019
GAC->CCA,3
TAC->TAA,19793
AAG->TAG,706
GAC->CAA,4
AAC->GTA,152
TGA->CAA,238
TTT->CGT,960
TAA->GGA,490
GAG->TAC,466
GCA->CTC,157
GCT->GAG,65
AAA->TCC,141
AGT->CAC,409
TTT->GAA,211
TAA->TAA,212
TAC->CAT,9
GTG->CAC,139
TCC->AAA,443
ACG->TCG,46
CGT->AGG,50
AGC->CTA,1
GTC->CGG,12
CTG->CGT,283
GGC->CTC,7
AAT->GGA,164
AGC->GAT,188
ATC->ACC,506
TGN->GCC,1
TCC->TTA,15309
ACA->GAA,851
AAT->CTG,873
TTT->CCT,1300
AAT->CGT,948
CTG->ATG,21124
AAA->CAC,134
GGT->ACA,124
TCA->GTT,1043
GCA->ACT,2
CAC->CAT,3
ACG->GAG,1
GCN->GCC,1
AAT->ACC,131
GTC->CAG,25
CCG->TAG,360
GCG->GGG,17
TTT->CTG,909
ACT->CGA,966
AAG->TTA,280
ACC->GCA,279
TGT->CGT,1092
TAT->CTA,455
AAC->TTA,16908
CAG->AAC,23948
GAC->TCC,9960
CAG->ATG,24889
TCA->CTT,162
GAA->CGG,184
TAA->GAC,225
ATG->AAC,16330
GAC->AGG,131
TTT->AGT,183
CAC->GTG,445
GCC->CTT,1
GAG->CGA,349
CAC->TTT,25769
AGA->ATC,13
GCG->ATT,2663
GAC->TCT,13117
TTA->AAG,5
AAT->GAC,86
TTG->CGG,284
TGT->CGG,1623
GGT->TGC,2
TTC->GTC,330
CTG->CTC,778
ATA->GAC,268
TCC->AGC,211
AAT->TTA,2
ACA->TGA,205
CTA->GGA,734
AAT->AAC,74
ACT->CCG,156
GGC->TCC,13287
AAC->CTA,3
GGA->ATC,4
ACA->GGG,1305
CGA->TTA,14
CGT->AAA,26
ATC->TCT,18073
GAA->GAG,986
AAC->ACC,403
GTG->AAC,10993
AAG->TAA,1051
GCG->CTT,117
TTC->CTC,42
CCG->TAT,83
TTC->CCT,37
ATG->AAA,36461
CTA->GGC,554
GGT->CCT,931
CAT->TCA,2
TAT->CGT,732
TCC->GTG,299
CCT->GAT,206
CGC->ACA,149
TCA->GTA,726
TTT->CAC,469
CTT->AGT,68
TCG->CGC,134
TTT->ATG,130
ATT->GGA,110
AAC->CAT,2
TGT->TGG,1
TAC->CTT,5
CGC->AGG,209
CAC->ATG,444
AGC->GGC,148
GCT->AGG,314
TCC->GAC,158
TTG->TAT,511
TAG->AAC,13405
CAG->CGG,371
CAG->ACC,34290
GAC->GAA,262
GAA->CGT,86
CTC->AAC,620
TTG->TTC,250
TAG->TAC,189
CTC->ATT,691
TGG->CCT,393
GAT->GGT,151
TCT->GCT,290
TAG->ACC,12897
TAG->AGA,15656
CCC->GCT,442
CGT->TGT,2
TCN->CTT,1
TCA->TAT,184
TTG->TGT,545
GTT->CTG,480
GGT->GCA,209
GTT->AGT,56
TAA->GCA,454
TCG->GAA,4
GTA->GTT,571
ATA->GGA,561
GCC->GAA,158
CTC->TCC,23297
GGA->CCC,188
CAC->GAT,394
ATC->TCG,2214
AGA->CAG,244
TGT->TAC,1
CCA->ACG,1
GCG->ATC,3411
CGA->CTA,17
AGA->TCC,173
TTA->TTT,711
TGC->CCT,6
ACA->TTA,130
GAA->TGG,166
GTC->GGC,77
GAC->GCA,247
TCC->TAT,16499
AAT->CAG,793
AAA->AAG,1
AGC->TAA,17796
CAG->TGG,637
CAA->AAC,2
AGT->GTC,206
GAC->GCG,44
GCT->CCA,953
TTA->TCG,19
GTG->GCT,4
TAT->ACA,94
AGT->CGC,1210
AAT->GGT,155
TGT->ATG,152
CTT->CCT,1146
AGT->GTT,340
AAG->TTT,432
CAC->TAA,12489
GGC->ACG,359
CAG->TGT,556
AAT->CGC,838
GGA->AAC,2
GGT->AGA,202
CAA->CTC,114
ATC->TAA,16961
ACC->AAA,512
GAA->TTT,154
ATG->GCC,7
CGA->TAA,8
CGG->TTC,54
ACG->GCG,1
TTG->AAA,32491
GAG->ACA,17213
AGT->GCC,242
TTG->CGA,225
AAC->CTT,1
TGC->CAA,2
TAA->AGT,1
ATC->GGT,98
AAG->AGC,21131
TCA->GCG,460
CTT->CCG,129
TCG->ATA,2818
GAG->GCC,18
AAT->GCG,17
GGA->CTA,73
ATT->CCA,459
CCA->ACT,2
AGC->AGG,366
TGG->TTT,472
CGC->TAG,3576
GCT->GCC,170
GCA->AAC,3
GAG->TCC,1031
TGA->GTA,404
GCT->GTG,155
CGT->AAT,13
CAC->TAC,13751
GTT->ATA,47
CTA->TGC,71
GCG->CCC,150
CTA->TCT,115
ACG->CTC,147
GAG->CGC,287
CCC->AAA,594
GCT->GTT,107
GAA->GTG,843
AGC->TGC,3858
TGC->GGA,179
CTG->GCC,7
AAG->AGA,29520
TGC->TAG,28148
GGG->CTT,195
CAC->AGT,164
CCG->CGA,162
AAT->TTT,72
GGA->ACA,3
CAT->TTG,2
TGT->TCT,5
AGG->AAT,17851
TGA->GGG,1075
TGA->CAG,230
CAG->ACA,28716
TAC->GGT,82
CCT->GCT,165
TAA->TTA,112
ATT->TTT,11
GAT->TTT,18
GAC->CAG,7
TCC->GTC,233
CCG->ACG,2436
GGC->TTG,34334
TGC->CCG,2
GGC->GCG,81
CTT->CTA,412
GTC->TAT,16419
GGA->CTG,193
CCT->GAG,165
CGA->TTG,31
ACT->CTG,693
GGT->GAT,115
GCG->GGC,3
CAT->AAC,74
AGG->ATT,17308
CCC->GTA,117
CGT->ACC,47
TAT->TTA,12
TGC->CCC,6
CTT->GAC,62
AGT->GAG,194
AGA->CCC,281
ACA->GTT,930
CAA->CCA,184
ACG->TAA,119
AGT->CGG,1744
ACT->ACG,28
TTT->CAG,572
GGC->CCG,2
GGC->TTA,12956
TAN->GCC,2
TAT->GGC,71
GAC->TGC,3476
ACC->GGT,83
GAC->TTG,16282
GAC->ACG,58
GGT->TCA,2
AGT->CAT,365
CAG->CAT,209
TCT->AGG,214
TGG->AGA,23104
GCC->GTT,147
TTT->AGA,208
GTG->TAT,400
CCT->CGA,1696
AAA->TCT,186
AAC->TCG,1616
CTC->AAA,638
ACC->TAT,13526
ATC->CCA,18
CCT->AAT,69
TAC->GGG,71
TCC->GCA,354
ACA->TTG,224
TTT->GGA,194
GGG->TAG,1174
GTC->AAC,241
GTG->CTG,264
TCT->CAG,749
GGC->GAG,501
TAC->TAG,24175
GTA->ATT,2
TCC->TTC,20544
TGA->CAC,143
GAG->CTT,236
GTA->TCT,66
ACA->GCC,1131
ATG->GGC,6
ACA->TCT,215
GGG->AGA,14130
CAG->AGA,29943
CCN->AGA,1
CTG->TCT,1108
GAG->TTT,314
CTG->AAT,16996
AGG->TCT,1263
GCC->AAA,407
AGC->TCG,4189
CTG->TAG,949
TCC->CCG,3
AAA->CGG,146
AAG->CAG,446
CCG->GTG,2
GTG->TTG,333
CTA->ATC,1
CCT->GTT,130
AAG->ATT,27256
TAA->GAG,470
GCG->CGA,152
GTG->TAA,304
TTC->GCA,343
TGC->TGT,4201
GTT->GCG,26
CGG->TTT,52
GCA->TGA,239
CTG->AGT,12546
AGT->TGA,3
AGG->ACC,18305
CGA->ACC,1
GGT->ATA,68
CCA->CTT,152
CAG->CGC,302
AAA->CGC,82
AAG->TGG,436
CCA->AGG,1
GAG->AAT,22635
ATA->AGT,2
CGT->TGC,5
CAT->GTG,158
CGG->ACC,4906
CTT->GGT,147
TAG->ACA,15874
GTA->GGT,457
TGC->TCA,16338
GAC->AGT,74
ATT->CTG,711
TTC->CTA,17
GGC->GCA,295
AAA->CGT,138
CAN->GCC,1
GCA->ACG,1
GCG->GAT,2
TCA->TGT,218
CGA->TGG,61
TTT->CAA,839
CTG->CTA,399
GTA->ACA,2
ACT->CAT,483
CCA->TAC,81
GCA->CCG,49
CCA->TAG,109
GGA->CCA,145
TGA->TTA,96
TTT->CCG,127
CCA->GGG,3002
AGC->AAC,621
ACA->ACC,2
TAG->CCG,23
CGG->AAG,4666
CAG->GTG,8
AAG->TGA,503
ATT->CTA,837
AGT->ATT,193
ATG->GTG,26
GAG->TTG,292
GGT->CAA,367
ATA->TTG,120
CCG->AGT,2694
TGA->TAC,58
CAC->GCG,109
CGN->TGA,1
AGA->ATA,5
ATT->ATT,273
TTG->CCT,321
AAG->CCC,195
GGC->AAC,530
AAC->CTG,2
ACC->CTT,1
GCA->CTA,94
CTC->TTA,18527
GCG->ACC,5749
TCG->ACG,1042
CCG->TCA,312
TGT->AGA,315
CAG->CAA,357
CGT->CCG,66
ATA->AGG,4
TTA->GTG,559
ACT->CAA,427
ACG->ATG,5610
CGT->AAG,16
GCT->TGT,1
ATG->CTG,435
GTT->CGG,728
AAC->GGT,115
GAA->TTG,252
GAT->GAA,161
GAA->GCG,155
GTG->CGA,170
GGC->TAG,25869
GCT->GGA,154
CTT->GCG,50
GGA->TCA,145
GCC->GAG,292
GCA->TTG,178
TGA->TGT,186
CGG->CGT,71
CAG->TAG,1067
AAA->GTA,1015
TAG->TGC,224
TCG->GGG,5
GAC->GGG,206
CTT->ACA,133
TTG->TGC,379
CTC->GCT,556
CTA->GTA,781
CAG->AGG,20949
GAA->TGA,176
GGC->GTC,205
GAC->TTA,11062
ACA->CGG,165
AAG->GAG,50
CAA->CCT,237
TAC->GAG,463
GCC->TGA,4686
AAG->GCG,6
TCA->CAC,83
TCT->GAA,102
CTA->ATA,3
TAC->TGT,4622
GGN->CCT,1
ACA->AGG,1
ATT->GTG,119
TAA->GCC,243
GTA->TAG,35
CTA->AGA,7
CTT->CTC,961
CAA->GGC,822
GGT->CTC,827
TCC->TAC,11270
CGT->GAT,20
CAG->GCG,6
AGT->AAC,60
ATA->GCG,51
TCC->ACC,468
CCC->GTG,434
TCG->TTA,125
ACG->CAA,109
GTT->GCC,109
ATC->GAT,254
ATG->CCC,169
GAG->ACC,18968
TCC->TTG,30173
GTT->GAC,39
TGA->GGA,1125
GCA->TTA,80
TAA->TGG,76
GAT->CCA,545
CAC->TCG,3538
TGG->CCA,256
TCG->CAG,150
TAT->AGG,84
GTA->CTT,104
GAC->TTT,20577
TTG->AGT,9742
CTC->AGC,254
TCT->TCG,2
CCG->GGA,1
CAA->CGC,151
CTC->TGT,4388
TCT->CTA,466
AGC->GTG,383
CCA->ACC,3
CGN->GAG,1
CGG->AAT,2233
ACG->ACA,4182
CTG->AAA,34796
TAC->TGC,2653
GCG->TAT,141
CTA->GTT,868
AGT->AAT,89
TAT->GGG,53
AGC->GCG,92
TGA->GTG,739
CGG->AGA,4530
TCC->CGC,1
CAG->CCC,444
AGT->TGC,2
CCC->ATC,535
ATG->TAA,498
GTA->TAT,53
TCT->AGT,204
TGT->AAA,137
GGA->GTG,735
ACG->CAC,98
TCA->CTG,223
TTG->CTG,317
TCA->AAA,12
GAT->GTC,142
AGG->TTC,284
TAT->ATC,87
TGC->GAC,193
CAC->TGG,5891
GGG->CAA,295
CCG->CCA,264
AGA->TGA,271
TCT->TTA,6
CCT->TTG,6
CAT->GAT,269
CTG->TAT,370
TCG->ACC,4075
TTC->TGG,5970
GAG->GCA,21
CTC->TCA,20988
TTA->TGA,115
GCG->ATA,2647
TCN->GGA,1
AAG->GTG,30
GGT->GTG,264
ACC->TGC,3379
CCG->ATT,3427
CCA->AGC,5
AGC->CAG,2
GTA->GGG,547
AGG->CAG,552
CCC->TCC,9624
CTC->CAT,5
GGA->TTT,181
CCG->TTC,145
ATG->CCT,185
TAA->TGT,116
GAT->CTT,483
GAG->TGG,583
ACA->GCA,1054
AAG->AAC,32910
GCG->ACA,3971
AGG->TGG,577
TCA->ACT,1
CGC->CCG,1
TGT->TAT,3
GCA->ACC,1
GGG->AGC,11627
AAT->AGC,137
TAG->CCA,170
CGA->CAG,44
AGG->CTA,164
AAC->GAA,470
CAC->GCT,423
CAC->GTA,147
AGA->GCC,929
CGA->CAT,21
ACT->AGA,194
TGG->TAC,323
TAT->TCA,3
GCC->GCC,230
GAC->GTT,181
TGC->GCG,63
AGC->AAG,1116
CGG->CTT,32
CTG->AAG,28180
CCA->GCA,1569
TCA->TCA,308
CGA->TAT,24
GCA->TAC,59
GAC->AAG,384
GTC->CCT,15
CGA->ACG,1
CTN->CAA,1
CAT->ATA,58
AAG->ATC,20718
GCT->TTT,10
CGT->TAC,1
TTG->GTA,3
GTT->GCA,121
CAT->CGT,1308
CGA->TCA,20
CTA->TGT,64
ACC->GCG,54
GTT->ACA,85
TAA->ATG,1
TGC->AAA,694
ATC->AGG,99
GGA->CCT,299
CGT->GTG,58
CTG->CAG,627
GAT->CCG,159
CGC->AGT,48
TAG->GTT,21
CTC->TGA,4105
CGA->GCT,163
GTC->ATG,408
TCC->TGA,3014
TGC->TCC,17156
CAG->TAA,685
ATC->TTC,22590
TAC->AAA,449
CGC->TCA,3107
AGC->AGA,495
CAT->CAG,1069
TAG->TAT,427
AGC->TTC,17653
CCG->GCC,1
ACC->GTC,214
AGA->GTC,625
TGA->CCT,213
CAG->GTA,2
TAG->CTA,138
GAT->TCC,2
ATG->CGC,136
TGA->GTC,537
TAA->TTG,89
AAC->AGG,109
ATA->GCT,488
CGT->CTA,54
ATC->CAG,12
TTC->CGA,3
GGC->GAA,299
AGG->GAG,5
AAA->GCC,677
TGG->TGA,759
CGG->TTA,32
CCC->TAG,25651
GAT->TGT,4
CGT->CCA,208
CCG->GCA,1
CTA->TTT,142
TTA->CGT,95
ACC->GGA,69
ATG->TAG,431
ACA->GGT,891
CAT->CTC,780
GGC->AAG,1135
CGG->ACT,4298
CTT->CCC,1150
ACC->TTG,18626
TGC->CTG,7
TCC->GGC,144
CAC->TTC,14722
ATN->TTC,1
TGT->CAT,573
CCT->GTC,155
CCT->GGC,258
TAT->ATT,332
GCC->CGC,1
TTT->GGC,159
GGG->CAC,195
ATA->TAA,277
ATA->TCT,94
TTC->TTA,35777
CGC->TTG,4314
CTG->CGG,634
GGT->CTA,336
CAC->GAG,714
TGC->AGT,201
GCC->GGT,94
CGC->GCG,89
CCG->TGG,456
GCA->GCA,1221
CCC->GAC,270
CCA->TTC,137
TAA->GTA,512
CTG->GTG,1
CAT->ACC,187
GTA->TGA,65
TTT->CGG,1003
AGG->CTG,457
TAT->CTC,492
ATC->TGC,4130
AAT->GTG,130
TAC->ACA,186
CAC->AAT,311
TCT->GAT,74
ACT->TCT,4
GAG->GTT,20
GGA->TAT,103
TGT->TAA,3
GCG->ATG,6048
TCC->GAG,351
CGT->CGT,286
GTG->TGC,352
GGT->CCG,210
CAT->TTC,3
ATT->ACG,15
CCA->CAC,177
GGC->AGA,349
ACA->AAC,6
TTC->TCT,37142
TTG->AAT,17021
GCG->TGC,279
CCG->TAC,97
CTT->GGG,255
TCG->AGT,2387
CCA->CCA,269
GAT->GCC,140
GCC->GAT,143
GGG->TTG,538
CCT->AGT,190
TGC->ATA,419
ATA->ATT,3
CCT->TCG,1
GTG->AAA,19649
GTC->TTA,13601
AGT->GAT,110
GTC->CGC,4
TCG->CTC,166
GAC->CGC,1
TTA->TGG,102
TGT->GCC,148
GAA->CAC,92
TCA->CGT,142
CCC->GGC,278
TTG->TAG,646
CCT->GCA,231
ACG->TTA,80
TGN->GGA,2
TGG->TGC,563
ATG->ATG,16878
CCT->CAG,901
ACT->ACC,201
TCA->ATC,5
TCA->AGA,3
CGC->GTT,45
TCC->GCC,216
CTG->AAC,18066
CAT->ACG,33
TTA->ACG,1
TCG->ATG,3608
TCT->TTG,7
TGT->CGA,1147
CAC->ATA,159
GCA->CTG,212
TCT->CGA,1334
GGG->CGC,325
TAT->AAG,64
TCA->CAG,192
AGA->GAT,653
TCG->TCT,455
TCA->CGC,130
CAA->CGA,128
ATG->ACC,16244
TTA->TAC,79
CCA->TTA,74
TAT->GGT,105
AGT->ACT,188
TAA->GCT,337
GTA->GTC,368
GCG->TAG,203
TAT->AGT,124
TGC->ACG,171
CAG->TTG,431
GCG->AGA,5035
TCC->CCC,4
AGC->CCA,1
ATT->GGC,81
GTC->TTC,24903
AAC->ACG,48
AAC->AGC,80
TCN->CCA,1
GCG->CAT,93
TCA->AGT,3
ACA->ACA,5
GAT->AAC,47
ATG->CTC,341
CTC->TTG,33900
ATC->CTT,22
ACG->GCC,2
TAC->GGA,69
ATC->GTG,232
CTT->GCA,253
CAA->TAA,156
CTC->CCG,10
TTT->GCG,23
TCG->TAT,155
CAT->GGT,205
TAG->TAG,495
GAT->CGT,714
TCG->GTG,2
TCG->GCT,1
ACT->AAT,76
GCA->GCG,578
AAG->GTT,34
TGA->TCT,165
CCG->AAT,2517
CTG->CCG,105
AAG->GCC,33
TCA->AAG,1
GTA->AGG,2
TCN->CTC,1
CGG->CTA,29
GTA->GAC,237
CGG->CAA,44
TGT->GCT,273
CGT->CGA,510
CGC->AAA,76
GTA->TTT,114
TGG->TAA,713
GGA->TTA,75
GGA->CAA,226
TAG->GGG,23
ACA->CAG,163
CTA->AAC,2
TCC->AGA,192
ACT->TCA,4
TAT->TAG,2
TTG->CCG,72
TCT->TGG,4
GTT->GGC,113
ATC->TGT,4372
GGA->CTT,107
AGC->TTG,28542
ATA->CTG,313
CAT->TCC,2
TGG->TCG,156
AAG->GTC,35
TCG->CTG,194
GGT->GCG,59
ACT->GTT,145
AAA->CAA,1005
GTC->ACC,376
GCG->ACT,3894
CGC->GCT,80
TAC->AGA,127
TTG->GCA,3
AGT->TTT,6
TAA->GAA,740
GCA->AAG,5
TCC->GGT,97
TGG->AGG,14940
GGG->AAA,22473
CCG->CCG,80
CGA->AGT,4
TCT->GTA,78
TCT->TAT,2
CGC->TAA,1292
TAT->TCC,1
AGA->TGT,170
TAG->TTC,160
TTC->CCA,53
TTG->GTT,7
GGT->CGG,2468
GAT->GGC,161
TGA->CGT,108
TCN->AGA,2
AGG->ATA,15624
CGG->CTC,41
CCT->AGA,229
GAG->CAA,339
TCA->CTC,137
CGA->GAC,64
CCT->ACC,322
CTG->GAT,1
ACT->AAA,116
TGA->CCG,34
CCG->CGC,254
CAG->GCC,7
GAG->CCC,267
CTT->ATA,79
GAG->GTA,12
CTG->ACA,28408
TCG->CGA,130
CGA->TAC,9
TTA->TCA,126
GTG->TCG,89
CCT->ACA,206
TAC->CCC,7
TTA->ACT,1
CCG->GGG,9
AAC->AAC,284
GTT->CAA,217
ATG->TGT,377
TAT->TTT,94
AAG->TCG,105
GTC->GAC,127
TGC->AAT,463
TTC->CTG,40
ATA->TGA,93
GTC->TTG,23825
ACG->TGT,155
CCG->GAA,1
GGT->ACC,101
GGC->TTC,19272
ATC->GAG,239
CTA->GCA,864
GAG->GGA,21
AAC->CAG,2
TAC->CAA,11
GCA->TGT,235
ACC->ATC,573
ATA->AAG,6
TAT->CGA,693
TGG->AAC,11583
AGA->TAC,81
CAA->AGA,2
TGA->TCG,41
TTT->AAG,97
TAT->CAT,782
GGT->ATG,162
GAA->TAG,113
TTT->ACC,115
ATG->TTG,302
TAG->GCG,13
ACA->GGC,1145
ACC->TTA,9978
TGT->CGC,1288
CGA->TAG,25
TTG->TCC,583
ATA->ACA,3
CGC->GCC,93
AGT->ACC,120
CTG->CTT,477
TTC->GTG,307
GAC->AAA,332
TCC->CGG,3
GAA->CCT,197
GCT->TTA,1
AAA->GTC,510
TCT->CTT,1165
GCT->ATT,102
CTC->AGT,164
ATG->AGG,11608
AGC->TCT,25727
GTC->GAG,266
ACC->TTT,19102
CAG->GAA,16
TGT->GTT,297
TAC->AAC,171
TCG->CAA,113
AGC->AAT,529
TTA->GTC,425
AGA->ACG,1
TCA->GTC,875
GAC->TCG,1878
TAG->TTG,221
ATA->TCG,8
CCG->TGT,186
GAG->GCT,22
GGT->CAG,728
GCA->ATA,1
CAT->CCT,1025
TTT->AAC,51
TCT->GTT,158
ATA->ATA,6
ACC->ATT,420
TGG->CGG,475
CGT->GAG,24
AAC->TAA,27323
GAA->GCT,862
GGA->TTG,159
AAG->GAA,68
CAC->ACG,97
TGT->CTA,420
AAG->TTC,234
TAG->GTA,25
ATT->GAG,110
TAA->GAT,767
GCT->CAT,342
TTG->GGT,8
AAC->AGT,125
GTC->GTG,232
CAG->AGT,19063
TTA->TTC,107
AAT->GGC,129
GGG->TGG,504
GCA->TTC,109
ACT->TAC,2
TCT->GGA,302
TTT->ACG,17
CTC->CGG,6
AGG->CGA,305
TCA->AAT,1
TTT->AGG,130
ACT->GAG,82
TCC->ATC,497
ACC->CTC,1
GGC->TCT,18351
GGC->ATG,1489
CTG->ACT,23249
TAC->CCA,8
AGG->CCG,76
CAC->AGG,202
AAA->TTT,675
ATC->ATG,559
TAT->GCT,115
CGT->ATA,9
CAA->CAC,131
GTG->GCA,4
TTG->CTC,277
ATA->CGC,74
CTT->CCA,722
AGG->TCC,924
CAA->CTG,155
GTN->GGG,1
TGT->CAC,546
TAC->ACG,30
TAA->CGC,54
TCT->CAT,578
ATG->TAT,450
GCT->GTC,97
TTC->AAT,537
AGT->CGA,1590
GGC->GCC,248
GAA->GTA,502
CCC->ACT,536
ACA->GTG,1313
GAC->GAG,830
AAA->CCC,275
TTC->TTT,71489
AAG->TCT,805
GAT->TTC,3
AGC->GGA,158
TGC->GTG,363
TCC->AGT,176
GAA->CGC,113
GTC->CGA,3
TCT->TGC,5
GTG->TGG,524
GGC->TGA,4007
TAG->GTG,29
CCG->TCT,444
GAT->TCG,15
TCT->GAC,49
TAC->TTG,20473
TAC->GCC,141
ATT->CTC,769
TTC->GCT,385
ACG->GTA,1
TAA->CTT,116
TAG->ACG,1627
GAG->CGT,281
TTA->TGT,117
AAG->CCG,47
GCA->TCG,44
CTC->ACC,1088
AAA->TGG,175
TTG->TGG,624
AAT->TGC,6
TAC->TCC,8817
AAT->GAG,166
GCC->CAG,1
CTA->GAC,345
GAG->CGG,309
ATT->CGA,516
GGG->ACC,12995
GGT->GTA,55
AAA->TGA,205
TGG->TCA,804
TCC->CTA,1
CCA->CTC,165
GTT->CTC,484
TAC->CGA,2
ACT->GGG,129
ATG->GCT,4
TTT->CAT,831
GCC->TTC,22014
CCC->GTC,304
TGT->ATT,212
AGC->GAA,316
TTA->GTT,1123
CAG->CCT,410
CTC->CGA,4
AAT->TGT,2
GAC->TGA,3003
GAC->TGG,5367
TAT->GAT,497
TGC->GCC,259
CAA->CCG,49
TTG->TGA,425
AGA->CCG,68
GTT->GTA,63
TCA->GGT,908
GTG->TTC,170
TCA->TTG,266
CCG->CCC,303
GAT->CAT,413
GTG->CCA,205
TAA->TTT,245
CTA->TTG,112
CCA->AGT,1
GAC->GCC,216
CAT->AAG,107
AAT->GTA,129
GGC->CTG,6
ACT->GTA,48
CAG->CAG,589
CTC->TTT,34175
CCT->CAT,481
TCG->GAT,2
CAN->GAA,3
TTA->CAT,169
CAA->TAG,122
ACT->ATG,126
TTA->GCC,377
GCG->TCC,475
ACC->GAG,278
CCC->ACA,674
AGG->TTT,531
CGG->ATC,1872
CAT->CCG,170
ACA->AAT,3
GTC->CTT,18
TAA->TAT,140
GGC->TGT,6206
TTT->GTG,241
GCA->GAC,559
TGC->AGG,339
TTC->GGT,105
GAT->ACA,132
GGC->AGG,670
AAA->TAG,220
CGG->TAA,72
AGG->AAG,29232
GTG->TCA,512
AGC->TCA,19376
GGA->TTC,122
CGT->GGA,68
AGA->CTA,110
AAT->CTA,555
CAT->GGC,225
TTC->GGC,135
ATC->GGG,59
TGG->CTG,371
AGT->CCA,795
GAC->CTA,2
CGA->TCC,32
TTG->CAG,364
CCG->TCG,170
CAC->TGT,5636
CAT->AGA,273
TTC->ATT,1071
CGC->GTG,94
TTT->GAC,60
CCG->CAA,136
AGG->AAC,15291
AGC->TGT,4199
GTT->ATT,116
AGA->AGA,16
ATC->AAG,412
AGC->ACG,323
AAC->CAC,4
TCC->GAA,275
CGG->AAA,3827
TGG->ATG,15458
AGG->ACT,26013
TGC->GCA,260
TAC->ATT,241
GTC->AAT,232
AGA->TAG,138
CTC->CAA,19
GTT->AGG,85
ATG->GTA,4
TGA->ATC,4
GAC->GGC,143
ACT->TCG,1
GTT->ACC,49
CGA->ATA,3
CGA->GAA,113
ACT->TTA,5
ATG->GGA,4
TCT->GGT,154
GCT->CGT,1030
GCG->AGG,6012
TGG->TCT,1245
GTT->CCG,63
CAG->GTC,8
GGT->TTT,21
TTC->AGT,105
TGA->CTC,161
TAC->GCA,169
CGA->GGT,137
TGT->GGT,204
GGC->TGC,5742
TGT->TTA,4
TAG->TCA,437
TGG->TGT,606
GAA->CTG,102
CTA->AGT,1
TTA->GGC,379
CGC->GAG,104
AGA->AGC,8
TGT->CAG,868
AAT->CAA,1152
TGA->AGC,3
CGA->ATC,2
TTC->AAG,573
ACG->TGC,163
ACG->TCT,224
GAT->TGG,3
ATT->ATA,157
CAC->CCT,3
TAC->GAA,276
GTG->TAG,553
GTG->ATA,10458
ATG->TGG,344
TGA->AAC,3
CAT->CCA,798
TCG->ACT,4860
CGT->CGC,772
AGA->GTG,1039
GCA->GCC,1469
CCT->TAA,1
GTC->AGT,94
ATG->AAG,18680
TAC->CTA,3
CCA->GGC,2431
GGC->AGC,398
ATC->CCG,3
CTG->ACG,3736
TTT->GCT,280
TGG->CGC,230
ACC->GAT,139
CTT->CAA,508
AGT->AGG,264
AGA->TGC,148
GTN->GTC,2
AGA->ATG,5
CTG->ATA,24014
TCG->TAC,122
GAC->TGT,3729
GCT->GAT,90
GAA->CTC,100
GTN->GAG,1
CCC->TTA,8885
CTC->GAG,549
GTG->ACA,11509
CAT->AGT,145
CAT->GTA,83
CAC->GCA,403
ACC->ATA,256
CTT->TCA,1
CAT->TGG,3
CAA->TTA,74
GTG->CGG,338
ACA->TAT,89
TGT->ATA,90
CGG->TCG,120
ATC->CAA,20
GGC->TCA,15713
CGG->CCG,21
AAC->GAG,467
CTG->CAC,217
CAG->AAT,25104
GGA->TCT,150
CGA->CTG,69
GAA->CCA,198
AGT->TAT,1
GAC->GCT,256
GAA->CCC,188
GAT->GGA,188
GAG->AAG,22551
TCG->CAT,60
TTG->TTA,405
GGG->ATG,14673
AGG->CAT,216
AGT->CCT,919
GTA->AAA,13
GGA->ATT,6
TCC->TGT,4666
ACG->AGA,4685
TTT->CGC,732
ACG->TAG,137
CGC->GAC,40
ATA->CTA,427
CGG->AGT,2665
